5.000000000000010e-06,3.610100981660052e-20,3.610100987052782e-20,-2.068698706222989e-29
5.062359937792453e-06,3.888816459725078e-20,3.888816465534151e-20,-2.065834460528516e-29
5.125497627953191e-06,4.189049983077709e-20,4.189049989335268e-20,-2.062109457804040e-29
5.189422770600075e-06,4.512462838223314e-20,4.512462844963983e-20,-2.057488255807411e-29
5.254145186830737e-06,4.860844570193338e-20,4.860844577454416e-20,-2.051934198632564e-29
5.319674820231383e-06,5.236122884659235e-20,5.236122892480900e-20,-2.045409376465789e-29
5.386021738404514e-06,5.640374314533057e-20,5.640374322958589e-20,-2.037874583992472e-29
5.453196134515633e-06,6.075835710075429e-20,6.075835719151449e-20,-2.029289277407976e-29
5.521208328859310e-06,6.544916616090047e-20,6.544916625866774e-20,-2.019611529984659e-29
5.590068770444667e-06,7.050212604690461e-20,7.050212615221994e-20,-2.008797986145413e-29
5.659788038600748e-06,7.594519637414894e-20,7.594519648759507e-20,-1.996803813992252e-29
5.730376844601848e-06,8.180849536158043e-20,8.180849548378509e-20,-1.983582656236780e-29
5.801846033313173e-06,8.812446648526338e-20,8.812446661690277e-20,-1.969086579477379e-29
5.874206584856922e-06,9.492805799829792e-20,9.492805814010045e-20,-1.953266021766123e-29
5.947469616299249e-06,1.022569163104625e-19,1.022569164632128e-19,-1.936069738406302e-29
6.021646383358210e-06,1.101515942975959e-19,1.101515944621392e-19,-1.917444745919431e-29
6.096748282133071e-06,1.186557756933721e-19,1.186557758706188e-19,-1.897336264118394e-29
6.172786850855072e-06,1.278165168050770e-19,1.278165169960080e-19,-1.875687656221218e-29
6.249773771660138e-06,1.376845068909034e-19,1.376845070965750e-19,-1.852440366937525e-29
6.327720872383639e-06,1.483143486394892e-19,1.483143488610396e-19,-1.827533858457414e-29
6.406640128377597e-06,1.597648603037006e-19,1.597648605423556e-19,-1.800905544269954e-29
6.486543664350436e-06,1.720994011604298e-19,1.720994014175101e-19,-1.772490720735985e-29
6.567443756229808e-06,1.853862220973169e-19,1.853862223742448e-19,-1.742222496337085e-29
6.649352833048565e-06,1.996988432662673e-19,1.996988435645753e-19,-1.710031718519964e-29
6.732283478854348e-06,2.151164608934705e-19,2.151164612148092e-19,-1.675846898052513e-29
6.816248434642838e-06,2.317243854968821e-19,2.317243858430295e-19,-1.639594130804941e-29
6.901260600315271e-06,2.496145139360165e-19,2.496145143088880e-19,-1.601197016866104e-29
6.987333036660277e-06,2.688858379060047e-19,2.688858383076635e-19,-1.560576576902170e-29
7.074478967360519e-06,2.896449916896105e-19,2.896449921222791e-19,-1.517651165661275e-29
7.162711781024229e-06,3.120068421980340e-19,3.120068426641064e-19,-1.472336382524528e-29
7.252045033242204e-06,3.360951245654453e-19,3.360951250675006e-19,-1.424544979000016e-29
7.342492448670384e-06,3.620431268141394e-19,3.620431273549555e-19,-1.374186763052903e-29
7.434067923138498e-06,3.899944273788228e-19,3.899944279613923e-19,-1.321168500160775e-29
7.526785525784840e-06,4.201036895709118e-19,4.201036901984583e-19,-1.265393810979622e-29
7.620659501217841e-06,4.525375173789485e-19,4.525375180549442e-19,-1.206763065501404e-29
7.715704271704492e-06,4.874753773404693e-19,4.874753780686549e-19,-1.145173273580259e-29
7.811934439386168e-06,5.251105915863968e-19,5.251105923708014e-19,-1.080517971699707e-29
7.909364788521921e-06,5.656514075526767e-19,5.656514083976407e-19,-1.012687105848904e-29
8.008010287759914e-06,6.093221502783263e-19,6.093221511885253e-19,-9.415669103709460e-30
8.107886092437087e-06,6.563644636658227e-19,6.563644646462929e-19,-8.670397826415965e-30
8.209007546907605e-06,7.070386475721842e-19,7.070386486283509e-19,-7.889841534315150e-30
8.311390186900177e-06,7.616250981291686e-19,7.616250992668760e-19,-7.072743528000377e-30
8.415049741904939e-06,8.204258592624670e-19,8.204258604880104e-19,-6.217804713627173e-30
8.520002137590023e-06,8.837662939948229e-19,8.837662953149836e-19,-5.323682167695311e-30
8.626263498248342e-06,9.519968847809955e-19,9.519968862030781e-19,-4.388987652245233e-30
8.733850149274740e-06,1.025495172836232e-18,1.025495174368106e-18,-3.412286078718680e-30
8.842778619674197e-06,1.104667847189348e-18,1.104667848839489e-18,-2.392093918665460e-30
8.953065644601226e-06,1.189952995019629e-18,1.189952996797168e-18,-1.326877559417860e-30
9.064728167931024e-06,1.281822525729490e-18,1.281822527644263e-18,-2.150516027828351e-31
9.177783344862541e-06,1.380784782165841e-18,1.380784784228442e-18,9.450228952650748e-31
9.292248544554170e-06,1.487387353439093e-18,1.487387355660936e-18,2.155040245984314e-30
9.408141352792214e-06,1.602220104903802e-18,1.602220107297181e-18,3.416752012525488e-30
9.525479574692740e-06,1.725918442066937e-18,1.725918444645096e-18,4.731968960096807e-30
9.644281237436947e-06,1.859166826483693e-18,1.859166829260897e-18,6.102563073959353e-30
9.764564593040824e-06,2.002702563095745e-18,2.002702566087361e-18,7.530469647667224e-30
9.886348121159268e-06,2.157319879968166e-18,2.157319883190748e-18,9.017689444047934e-30
1.000965053192525e-05,2.323874322999665e-18,2.323874326471043e-18,1.056629093151355e-29
1.013449076882424e-05,2.503287489923052e-18,2.503287493662436e-18,1.217841259838230e-29
1.026088801160464e-05,2.696552129791118e-18,2.696552133819199e-18,1.385626534799476e-29
1.038886167922439e-05,2.904737636164480e-18,2.904737640503546e-18,1.560213497750097e-29
1.051843143283454e-05,3.128995964397309e-18,3.128995969071369e-18,1.741838474330744e-29
1.064961717879967e-05,3.370568005762464e-18,3.370568010797382e-18,1.930745801627245e-29
1.078243907175632e-05,3.630790453686760e-18,3.630790459110396e-18,2.127188102986107e-29
1.091691751770941e-05,3.911103200088765e-18,3.911103205931129e-18,2.331426572457818e-29
1.105307317716733e-05,4.213057302745758e-18,4.213057309039178e-18,2.543731269212541e-29
1.119092696831602e-05,4.538323567775043e-18,4.538323574554342e-18,2.764381422284540e-29
1.133050007023281e-05,4.888701794719978e-18,4.888701802022668e-18,2.993665746015817e-29
1.147181392614019e-05,5.266130735395825e-18,5.266130743262314e-18,3.231882766581646e-29
1.161489024670030e-05,5.672698821601423e-18,5.672698830075239e-18,3.479341159995692e-29
1.175975101335036e-05,6.110655721055357e-18,6.110655730183388e-18,3.736360102005783e-29
1.190641848167979e-05,6.582424785500318e-18,6.582424795333072e-18,4.003269630307778e-29
1.205491518484946e-05,7.090616459853947e-18,7.090616470445833e-18,4.280411019519248e-29
1.220526393705351e-05,7.638042726603197e-18,7.638042738012822e-18,4.568137169371502e-29
1.235748783702451e-05,8.227732665367975e-18,8.227732677658472e-18,4.866813006595323e-29
1.251161027158206e-05,8.862949213728453e-18,8.862949226967830e-18,5.176815900992174e-29
1.266765491922586e-05,9.547207222060346e-18,9.547207236321859e-18,5.498536096202162e-29
1.282564575377367e-05,1.028429290228044e-17,1.028429291764301e-17,5.832377155697533e-29
1.298560704804432e-05,1.107828477811688e-17,1.107828479466550e-17,6.178756424549529e-29
1.314756337758695e-05,1.193357625283051e-17,1.193357627065675e-17,6.538105507538145e-29
1.331153962445665e-05,1.285489991925955e-17,1.285489993846206e-17,6.910870764193275e-29
1.347756098103718e-05,1.384735374670289e-17,1.384735376738792e-17,7.297513821378314e-29
1.364565295391145e-05,1.491642928954262e-17,1.491642931182462e-17,7.698512104049716e-29
1.381584136778008e-05,1.606804207369019e-17,1.606804209769246e-17,8.114359384848040e-29
1.398815236942909e-05,1.730856432899655e-17,1.730856435485189e-17,8.545566353202051e-29
1.416261243174682e-05,1.864486024874193e-17,1.864486027659341e-17,8.992661204650332e-29
1.433924835779126e-05,2.008432397130861e-17,2.008432400131035e-17,9.456190251112407e-29
1.451808728490771e-05,2.163492049419730e-17,2.163492052651531e-17,9.936718552866290e-29
1.469915668889813e-05,2.330522974678047e-17,2.330522978159356e-17,1.043483057301971e-28
1.488248438824232e-05,2.510449406565703e-17,2.510449410315784e-17,1.095113085528866e-28
1.506809854837188e-05,2.704266933530637e-17,2.704266937570241e-17,1.148624472592869e-28
1.525602768599725e-05,2.913048007701338e-17,2.913048012052816e-17,1.204081902069338e-28
1.544630067348897e-05,3.137947879089358e-17,3.137947883776789e-17,1.261552283772938e-28
1.563894674331336e-05,3.380210987937040e-17,3.380210992986361e-17,1.321104831734783e-28
1.583399549252383e-05,3.641177850581603e-17,3.641177856020754e-17,1.382811144964912e-28
1.603147688730775e-05,3.922292476936459e-17,3.922292482795535e-17,1.446745291101109e-28
1.623142126759045e-05,4.225110360633628e-17,4.225110366945050e-17,1.512983893049129e-28
1.643385935169639e-05,4.551307086038397e-17,4.551307092837088e-17,1.581606218722956e-28
1.663882224106870e-05,4.902687599761911e-17,4.902687607085491e-17,1.652694273997948e-28
1.684634142504722e-05,5.281196197972747e-17,5.281196205861738e-17,1.726332898993591e-28
1.705644878570646e-05,5.688927284771339e-17,5.688927293269394e-17,1.802609867807322e-28
1.726917660275375e-05,6.128136961155407e-17,6.128136970309549e-17,1.881615991824884e-28
1.748455755848864e-05,6.601255508702423e-17,6.601255518563304e-17,1.963445226737707e-28
1.770262474282379e-05,7.110900837043564e-17,7.110900847665747e-17,2.048194783402186e-28
1.792341165836888e-05,7.659892969539462e-17,7.659892980981723e-17,2.135965242681239e-28
1.814695222557768e-05,8.251269647309917e-17,8.251269659635570e-17,2.226860674413195e-28
1.837328078795958e-05,8.888303137960098e-17,8.888303151237343e-17,2.320988760658819e-28
1.860243211735563e-05,9.574518342009165e-17,9.574518356311470e-17,2.418460923382402e-28
1.883444141928092e-05,1.031371229721128e-16,1.031371231261778e-16,2.519392456729204e-28
1.906934433833323e-05,1.110997518869029e-16,1.110997520528624e-16,2.623902664066928e-28
1.930717696366946e-05,1.196771298114450e-16,1.196771299902173e-16,2.732114999965574e-28
1.954797583454988e-05,1.289167179834978e-16,1.289167181760721e-16,2.844157217295983e-28
1.979177794595202e-05,1.388696418486218e-16,1.388696420560637e-16,2.960161519634668e-28
2.003862075425426e-05,1.495909739523130e-16,1.495909741757702e-16,3.080264719168835e-28
2.028854218299059e-05,1.611400386725843e-16,1.611400389132934e-16,3.204608400303216e-28
2.054158062867673e-05,1.735807404791348e-16,1.735807407384277e-16,3.333339089177169e-28
2.079777496670927e-05,1.869819175354915e-16,1.869819178148028e-16,3.466608429309019e-28
2.105716455733827e-05,2.014177226006733e-16,2.014177229015487e-16,3.604573363591893e-28
2.131978925171444e-05,2.169680333380353e-16,2.169680336621396e-16,3.747396322874157e-28
2.158568939801142e-05,2.337188943016049e-16,2.337188946507314e-16,3.895245421365619e-28
2.185490584762482e-05,2.517629930455910e-16,2.517629934216715e-16,4.048294659120409e-28
2.212747996144834e-05,2.712001729914712e-16,2.712001733965868e-16,4.206724131855920e-28
2.240345361622818e-05,2.921379858904993e-16,2.921379863268916e-16,4.370720248377294e-28
2.268286921099696e-05,3.146922869385797e-16,3.146922874086633e-16,4.540475955886954e-28
2.296576967358733e-05,3.389878758363784e-16,3.389878763427544e-16,4.716190973468455e-28
2.325219846722738e-05,3.651591873418995e-16,3.651591878873699e-16,4.898072034045686e-28
2.354219959721815e-05,3.933510351365072e-16,3.933510357240902e-16,5.086333135128736e-28
2.383581761769411e-05,4.237194131203590e-16,4.237194137533059e-16,5.281195798669388e-28
2.413309763846839e-05,4.564323585711065e-16,4.564323592529196e-16,5.482889340361923e-28
2.443408533196316e-05,4.916708819418884e-16,4.916708826763403e-16,5.691651148736449e-28
2.473882694022640e-05,5.296299684434409e-16,5.296299692345956e-16,5.907726974405401e-28
2.504736928203651e-05,5.705196569523803e-16,5.705196578046155e-16,6.131371229837354e-28
2.535975976009494e-05,6.145662022154326e-16,6.145662031334640e-16,6.362847300045388e-28
2.567604636830905e-05,6.620133267805060e-16,6.620133277694132e-16,6.602427864592970e-28
2.599627769916578e-05,7.131235695818085e-16,7.131235706470635e-16,6.850395231334191e-28
2.632050295119679e-05,7.681797386409966e-16,7.681797397884939e-16,7.107041682320709e-28
2.664877193653728e-05,8.274864759226602e-16,8.274864771587491e-16,7.372669832324943e-28
2.698113508857877e-05,8.913719430027653e-16,8.913719443342856e-16,7.647593000444392e-28
2.731764346971737e-05,9.601896368773091e-16,9.601896383116282e-16,7.932135595270101e-28
2.765834877919891e-05,1.034320345958571e-15,1.034320347503625e-15,8.226633514120306e-28
2.800330336106142e-05,1.114174257081775e-15,1.114174258746115e-15,8.531434556857891e-28
2.835256021217710e-05,1.200193225180985e-15,1.200193226973818e-15,8.846898854831423e-28
2.870617299039467e-05,1.292853218192774e-15,1.292853220124021e-15,9.173399315498062e-28
2.906419602278270e-05,1.392666950715796e-15,1.392666952796143e-15,9.511322083307576e-28
2.942668431397632e-05,1.500186720999159e-15,1.500186723240119e-15,9.861067017449617e-28
2.979369355462774e-05,1.616007466957126e-15,1.616007469371096e-15,1.022304818708708e-27
3.016528012996248e-05,1.740770058119943e-15,1.740770060720282e-15,1.059769438472304e-27
3.054150112844169e-05,1.875164841735665e-15,1.875164844536761e-15,1.098544965837140e-27
3.092241435053319e-05,2.019935462644711e-15,2.019935465662064e-15,1.138677386322825e-27
3.130807831759147e-05,2.175882978063106e-15,2.175882981313411e-15,1.180214323356522e-27
3.169855228084859e-05,2.343870290042541e-15,2.343870293543783e-15,1.223205097559378e-27
3.209389623051743e-05,2.524826920133134e-15,2.524826923904687e-15,1.267700788207785e-27
3.249417090500787e-05,2.719754152667787e-15,2.719754156730519e-15,1.313754329741372e-27
3.289943780025853e-05,2.929730575127548e-15,2.929730579503940e-15,1.361456427357766e-27
3.330975917918455e-05,3.155918046243609e-15,3.155918050957876e-15,1.411008537417999e-27
3.372519808124359e-05,3.399568124859061e-15,3.399568129937289e-15,1.462644495359835e-27
3.414581833212043e-05,3.662028995122093e-15,3.662029000592381e-15,1.516613134242185e-27
3.457168455353298e-05,3.944752926329820e-15,3.944752932222437e-15,1.573179032309946e-27
3.500286217316063e-05,4.249304308699354e-15,4.249304315046906e-15,1.632623293698120e-27
3.543941743469578e-05,4.577368309529138e-15,4.577368316366746e-15,1.695244363655451e-27
3.588141740802139e-05,4.930760197647702e-15,4.930760205013201e-15,1.761358879723565e-27
3.632892999951517e-05,5.311435387743158e-15,5.311435395677304e-15,1.831302560364955e-27
3.678202396248225e-05,5.721500260150863e-15,5.721500268697558e-15,1.905431132593243e-27
3.724076890771836e-05,6.163223815967495e-15,6.163223825174030e-15,1.984121300221458e-27
3.770523531420397e-05,6.639050231980526e-15,6.639050241897843e-15,2.067771754408553e-27
3.817549453993254e-05,7.151612384883000e-15,7.151612395565974e-15,2.156804228252069e-27
3.865161883287372e-05,7.703746419605054e-15,7.703746431112796e-15,2.251664597244405e-27
3.913368134207277e-05,8.298507442370535e-15,8.298507454766721e-15,2.352824027482811e-27
3.962175612888896e-05,8.939186425312602e-15,8.939186438665824e-15,2.460780173599083e-27
4.011591817837393e-05,9.629328416183223e-15,9.629328430567368e-15,2.576058428452927e-27
4.061624341079187e-05,1.037275215391435e-14,1.037275216940901e-14,2.699213226714782e-27
4.112280869328381e-05,1.117357119856731e-14,1.117357121525822e-14,2.830829404548618e-27
4.163569185167656e-05,1.203621669258422e-14,1.203621671056374e-14,2.971523617692912e-27
4.215497168243973e-05,1.296546187928499e-14,1.296546189865259e-14,3.121945820330092e-27
4.268072796479147e-05,1.396644851427286e-14,1.396644853513572e-14,3.282780807229189e-27
4.321304147295558e-05,1.504471531588808e-14,1.504471533836164e-14,3.454749821745718e-27
4.375199398857074e-05,1.620622861212761e-14,1.620622863633621e-14,3.638612232364783e-27
4.429766831325526e-05,1.745741535360765e-14,1.745741537968525e-14,3.835167280580972e-27
4.485014828132815e-05,1.880519867523175e-14,1.880519870332265e-14,4.045255903018498e-27
4.540951877268924e-05,2.025703620333358e-14,2.025703623359321e-14,4.269762630810877e-27
4.597586572585918e-05,2.182096132024953e-14,2.182096135284532e-14,4.509617569378228e-27
4.654927615118283e-05,2.350562761464693e-14,2.350562764975924e-14,4.765798461865721e-27
4.712983814419694e-05,2.532035676355335e-14,2.532035680137647e-14,5.039332839634650e-27
4.771764089916495e-05,2.727519011102629e-14,2.727519015176950e-14,5.331300263332704e-27
4.831277472277976e-05,2.938094422884889e-14,2.938094427273764e-14,5.642834658208310e-27
4.891533104803833e-05,3.164927076668032e-14,3.164927081395744e-14,5.975138250890355e-27
4.952540244828871e-05,3.409272092281233e-14,3.409272097373944e-14,6.329940890328550e-27
5.014308265145291e-05,3.672481489225887e-14,3.672481494711775e-14,6.709696235507923e-27
5.076846655442609e-05,3.956011667643372e-14,3.956011673552791e-14,7.117051289946460e-27
5.140165023765644e-05,4.261431466835242e-14,4.261431473200891e-14,7.554813668988283e-27
5.204273097990617e-05,4.590430845923520e-14,4.590430852780622e-14,8.025959418552344e-27
5.269180727319733e-05,4.944830234682290e-14,4.944830242068785e-14,8.533641176355769e-27
5.334897883794293e-05,5.326590606278459e-14,5.326590614235220e-14,9.081196689780559e-27
5.401434663826782e-05,5.737824327655684e-14,5.737824336226737e-14,9.672157705122193e-27
5.468801289752019e-05,6.180806847596419e-14,6.180806856829190e-14,1.031025924354582e-26
5.537008111397641e-05,6.657989287132686e-14,6.657989297078262e-14,1.099944927968946e-26
5.606065607674243e-05,7.172012001969201e-14,7.172012012682613e-14,1.174389883949085e-26
5.675984388185215e-05,7.725719191958745e-14,7.725719203499271e-14,1.254801253447362e-26
5.746775194856837e-05,8.322174638466374e-14,8.322174650897871e-14,1.341643955042078e-26
5.818448903588522e-05,8.964678656694853e-14,8.964678670086107e-14,1.435408510907137e-26
5.891016525923780e-05,9.656786356770901e-14,9.656786371196010e-14,1.536612242222551e-26
5.964489210741952e-05,1.040232731462920e-13,1.040232733016798e-13,1.645800515840880e-26
6.038878245971065e-05,1.120542676153339e-13,1.120542677827182e-13,1.763548044305188e-26
6.114195060322032e-05,1.207052840947506e-13,1.207052842750576e-13,1.890460241397260e-26
6.190451225044540e-05,1.300241903874359e-13,1.300241905816633e-13,2.027174635481509e-26
6.267658455704713e-05,1.400625498370680e-13,1.400625500462904e-13,2.174362342999520e-26
6.345828613985118e-05,1.508759066335047e-13,1.508759068588798e-13,2.332729604564430e-26
6.424973709507042e-05,1.625240931443017e-13,1.625240933870765e-13,2.503019386200279e-26
6.505105901675630e-05,1.750715609728375e-13,1.750715612343554e-13,2.686014227721008e-26
6.586237501547978e-05,1.885877375747401e-13,1.885877378564481e-13,2.882844047494594e-26
6.668380973724537e-05,2.031474104057498e-13,2.031474107092067e-13,3.095430413999519e-26
6.751548938264077e-05,2.188311407264676e-13,2.188311410533524e-13,3.325922789097829e-26
6.835754172622633e-05,2.357257093535436e-13,2.357257097056650e-13,3.576607798879045e-26
6.921009613616470e-05,2.539245968235504e-13,2.539245972028568e-13,3.849916038025849e-26
7.007328359409660e-05,2.735285006262772e-13,2.735285010348673e-13,4.148429174927328e-26
7.094723671526461e-05,2.946458923692050e-13,2.946458928093397e-13,4.474887370044150e-26
7.183208976888654e-05,3.173936179558329e-13,3.173936184299475e-13,4.832197020531809e-26
7.272797869878434e-05,3.418975440986076e-13,3.418975446093254e-13,5.223438844651309e-26
7.363504114426960e-05,3.682932547434470e-13,3.682932552935939e-13,5.651876320037237e-26
7.455341646128957e-05,3.967268012590638e-13,3.967268018516838e-13,6.120964490457728e-26
7.548324574383759e-05,4.273555105417540e-13,4.273555111801262e-13,6.634359156286569e-26
7.642467184562907e-05,4.603488555066535e-13,4.603488561943100e-13,7.195926464514889e-26
7.737783940204917e-05,4.958893927817792e-13,4.958893935225249e-13,7.809752914764915e-26
7.834289485237426e-05,5.341737727928576e-13,5.341737735907913e-13,8.480155798423727e-26
7.931998646226905e-05,5.754138278274177e-13,5.754138286869544e-13,9.211694088697267e-26
8.030926434656595e-05,6.198377440982307e-13,6.198377450241263e-13,1.000917980009798e-25
8.131088049232770e-05,6.676913242906983e-13,6.676913252880758e-13,1.087769894692855e-25
8.232498878219777e-05,7.192393475795232e-13,7.192393486539013e-13,1.182508683513979e-25
8.335174501804188e-05,7.747670346391911e-13,7.747670357965145e-13,1.286554931802373e-25
8.439130694488521e-05,8.345816257537400e-13,8.345816270004120e-13,1.401509525111364e-25
8.544383427514624e-05,8.990140807567976e-13,8.990140820997164e-13,1.529079107401047e-25
8.650948871317542e-05,9.684209102072855e-13,9.684209116538816e-13,1.671081391721658e-25
8.758843398009736e-05,1.043186147931701e-12,1.043186149489978e-12,1.829450706964385e-25
8.868083583896464e-05,1.123723475846513e-12,1.123723477525093e-12,2.006243790525511e-25
8.978686212022457e-05,1.210478512816292e-12,1.210478514624464e-12,2.203645837124933e-25
9.090668274750374e-05,1.303931280210875e-12,1.303931282158643e-12,2.423976814432074e-25
9.204046976371388e-05,1.404598857802347e-12,1.404598859900488e-12,2.669698056579763e-25
9.318839735748438e-05,1.513038244695787e-12,1.513038246955910e-12,2.943419147091506e-25
9.435064188992221e-05,1.629849441121595e-12,1.629849443556205e-12,3.247905103208670e-25
9.552738192170874e-05,1.755678768139864e-12,1.755678770762432e-12,3.586083874086098e-25
9.671879824053128e-05,1.891222443622381e-12,1.891222446447418e-12,3.961054165821039e-25
9.792507388885915e-05,2.037230434296691e-12,2.037230437339828e-12,4.376081796010158e-25
9.914639419206509e-05,2.194510605163047e-12,2.194510608441121e-12,4.834304657818946e-25
1.003829467868974e-04,2.363933189240580e-12,2.363933192771730e-12,5.338689004955816e-25
1.016349216503079e-04,2.546435602371100e-12,2.546435606174863e-12,5.892337663436049e-25
1.029025111286385e-04,2.743027629717554e-12,2.743027633814976e-12,6.498512864807477e-25
1.041859099671720e-04,2.954797012650671e-12,2.954797017064422e-12,7.160643433901050e-25
1.054853153400523e-04,3.182915466932271e-12,3.182915471686774e-12,7.882332278943771e-25
1.068009268805767e-04,3.428645165489290e-12,3.428645170610852e-12,8.667364196257816e-25
1.081329467118663e-04,3.693345721642966e-12,3.693345727159922e-12,9.519714002253311e-25
1.094815794779194e-04,3.978481711426129e-12,3.978481717369006e-12,1.044355500592372e-24
1.108470323750515e-04,4.285630776603366e-12,4.285630783005045e-12,1.144326783557265e-24
1.122295151837285e-04,4.616492353221696e-12,4.616492360117596e-12,1.252344963404393e-24
1.136292403007952e-04,4.972897073978651e-12,4.972897081406928e-12,1.368892371038124e-24
1.150464227721071e-04,5.356816896423677e-12,5.356816904425428e-12,1.494640898762472e-24
1.164812803255694e-04,5.770376013022376e-12,5.770376021641877e-12,1.630905227754718e-24
1.179340334045866e-04,6.215862603438442e-12,6.215862612723383e-12,1.779222736339916e-24
1.194049052019310e-04,6.695741494047956e-12,6.695741504049708e-12,1.941230038811693e-24
1.208941216940320e-04,7.212667794717352e-12,7.212667805491255e-12,2.118667928563360e-24
1.224019116756941e-04,7.769501588283921e-12,7.769501599889585e-12,2.313386540125359e-24
1.239285067952486e-04,8.369323753999888e-12,8.369323766501524e-12,2.527350739220368e-24
1.254741415901410e-04,9.015453012472443e-12,9.015453025939221e-12,2.762645750312996e-24
1.270390535229653e-04,9.711464286391536e-12,9.711464300897968e-12,3.021483031512449e-24
1.286234830179458e-04,1.046120847861225e-11,1.046120849423859e-11,3.306206407080780e-24
1.302276734978749e-04,1.126883377700041e-11,1.126883379383312e-11,3.619302378744088e-24
1.318518714215113e-04,1.213880860389382e-11,1.213880862202603e-11,3.963825667799773e-24
1.334963263214437e-04,1.307594633712854e-11,1.307594635666058e-11,4.343820709789800e-24
1.351612908424286e-04,1.408543193937961e-11,1.408543196041954e-11,4.763676256793529e-24
1.368470207802046e-04,1.517285064311783e-11,1.517285066578205e-11,5.228054710811513e-24
1.385537751207915e-04,1.634421884985663e-11,1.634421887427054e-11,5.741905572265388e-24
1.402818160802797e-04,1.760601741460911e-11,1.760601744090780e-11,6.310479480145366e-24
1.420314091451149e-04,1.896522749966739e-11,1.896522752799634e-11,6.939342868341583e-24
1.438028231128873e-04,2.042936919602772e-11,2.042936922654368e-11,7.634393263679623e-24
1.455963301336267e-04,2.200654312609094e-11,2.200654315896273e-11,8.401875252201989e-24
1.474122057516148e-04,2.370547525775737e-11,2.370547529316687e-11,9.248890000425054e-24
1.492507289477181e-04,2.553556517779737e-11,2.553556521594049e-11,1.018716865981986e-23
1.511121821822494e-04,2.750693809150721e-11,2.750693813259497e-11,1.123134113743088e-23
1.529968514383625e-04,2.963050083627139e-11,2.963050088053112e-11,1.239700893536107e-23
1.549050262659897e-04,3.191800221885097e-11,3.191800226652753e-11,1.370077803489502e-23
1.568369998263263e-04,3.438209801012704e-11,3.438209806148422e-11,1.516030885561062e-23
1.587930689368708e-04,3.703642095678869e-11,3.703642101211061e-11,1.679436842503545e-23
1.607735341170256e-04,3.989565619719624e-11,3.989565625678898e-11,1.862288485080815e-23
1.627786996342672e-04,4.297562249853889e-11,4.297562256273213e-11,2.066696514387880e-23
1.648088735508928e-04,4.629335976460001e-11,4.629335983374891e-11,2.294465479434281e-23
1.668643677713479e-04,4.986722329811116e-11,4.986722337259828e-11,2.546667925105302e-23
1.689454980901472e-04,5.371698533904219e-11,5.371698541927963e-11,2.824325159942424e-23
1.710525842403902e-04,5.786394444039247e-11,5.786394452682414e-11,3.128495830811627e-23
1.731859499428835e-04,6.233104328640385e-11,6.233104337950791e-11,3.460277256651831e-23
1.753459229558760e-04,6.714299560478893e-11,6.714299570508047e-11,3.820806810139829e-23
1.775328351254133e-04,7.232642287485612e-11,7.232642298289000e-11,4.211263349014036e-23
1.797470224363207e-04,7.791000158758086e-11,7.791000170395474e-11,4.633069794321408e-23
1.819888250638217e-04,8.392462187201900e-11,8.392462199737670e-11,5.091151931906377e-23
1.842585874258014e-04,9.040355836530210e-11,9.040355850033713e-11,5.593669107305908e-23
1.865566582357207e-04,9.738265427115177e-11,9.738265441661117e-11,6.149428202810722e-23
1.888833905561898e-04,1.049005196247708e-10,1.049005197814593e-10,6.767828908068829e-23
1.912391418532116e-04,1.129987448605199e-10,1.129987450293043e-10,7.458893685515820e-23
1.936242740511007e-04,1.217221308633880e-10,1.217221310452021e-10,8.233299071960048e-23
1.960391535880874e-04,1.311189367763989e-10,1.311189369722485e-10,9.102113781602115e-23
1.984841514726146e-04,1.412411469342677e-10,1.412411471452362e-10,1.007161952813859e-22
2.009596433403381e-04,1.521447583993599e-10,1.521447586266144e-10,1.114352958488283e-22
2.034660095118369e-04,1.638900906898975e-10,1.638900909346952e-10,1.231935409380544e-22
2.060036350510438e-04,1.765421194130427e-10,1.765421196767378e-10,1.360055082703058e-22
2.085729098244039e-04,1.901708356476382e-10,1.901708359316895e-10,1.498851982742631e-22
2.111742285607714e-04,2.048516330637350e-10,2.048516333697139e-10,1.648460579516884e-22
2.138079909120547e-04,2.206657249193560e-10,2.206657252489550e-10,1.810312055933665e-22
2.164746015146151e-04,2.377005932400797e-10,2.377005935951222e-10,1.989949399658365e-22
2.191744700514341e-04,2.560504726649734e-10,2.560504730474235e-10,2.194086642556063e-22
2.219080113150538e-04,2.758168716339448e-10,2.758168720459179e-10,2.429915466642691e-22
2.246756452713038e-04,2.971091337980593e-10,2.971091342418345e-10,2.705129798231191e-22
2.274777971238229e-04,3.200450427566195e-10,3.200450432346517e-10,3.027948166250102e-22
2.303148973793836e-04,3.447514734643031e-10,3.447514739792366e-10,3.404029620312111e-22
2.331873819140339e-04,3.713650939096029e-10,3.713650944642859e-10,3.830348993801620e-22
2.360956920400620e-04,4.000331209436059e-10,4.000331215411068e-10,4.301937693152889e-22
2.390402745737982e-04,4.309141344374573e-10,4.309141350810813e-10,4.813369440198957e-22
2.420215819042603e-04,4.641789542691438e-10,4.641789549624510e-10,5.358734960454134e-22
2.450400720626557e-04,5.000115849874777e-10,5.000115857343032e-10,5.931924585520911e-22
2.480962087927520e-04,5.386102333751539e-10,5.386102341796286e-10,6.532142917572712e-22
2.511904616221234e-04,5.801884045355053e-10,5.801884054020791e-10,7.163725300975301e-22
2.543233059342855e-04,6.249760825615434e-10,6.249760834950096e-10,7.831476549886113e-22
2.574952230417317e-04,6.732210023132136e-10,6.732210033187353e-10,8.540516687885571e-22
2.607067002598778e-04,7.251900193321186e-10,7.251900204152577e-10,9.296470026882650e-22
2.639582309819337e-04,7.811705854653108e-10,7.811705866320583e-10,1.011531354987107e-21
2.672503147547010e-04,8.414723383535207e-10,8.414723396103301e-10,1.102959379030995e-21
2.705834573553235e-04,9.064288135685972e-10,9.064288149224197e-10,1.207552583077801e-21
2.739581708689917e-04,9.763992888621748e-10,9.763992903204988e-10,1.329190139424888e-21
2.773749737676160e-04,1.051770770717518e-09,1.051770772288409e-09,1.471934031697750e-21
2.808343909894818e-04,1.132960134182559e-09,1.132960135874706e-09,1.637485780127710e-21
2.843369540198984e-04,1.220416427808831e-09,1.220416429631592e-09,1.824580504298155e-21
2.878832009728525e-04,1.314623356432848e-09,1.314623358396305e-09,2.031650714677539e-21
2.914736766736838e-04,1.416101955518942e-09,1.416101957633953e-09,2.256975200810857e-21
2.951089327427849e-04,1.525413471840149e-09,1.525413474118413e-09,2.499115395294871e-21
2.987895276803514e-04,1.643162466413829e-09,1.643162468867945e-09,2.759456052130991e-21
3.025160269521875e-04,1.770000156835621e-09,1.770000159479162e-09,3.040670956013330e-21
3.062890030765783e-04,1.906628017477361e-09,1.906628020324947e-09,3.345610240898082e-21
3.101090357122512e-04,2.053801657438882e-09,2.053801660506261e-09,3.677406967645945e-21
3.139767117474293e-04,2.212334997676567e-09,2.212335000980702e-09,4.042038209806510e-21
3.178926253899978e-04,2.383104770384003e-09,2.383104773943167e-09,4.448751680467915e-21
3.218573782587971e-04,2.567055365478924e-09,2.567055369312799e-09,4.907580805114290e-21
3.258715794760486e-04,2.765204050966512e-09,2.765204055096300e-09,5.429081673061327e-21
3.299358457609389e-04,2.978646596013967e-09,2.978646600462505e-09,6.014768594650213e-21
3.340508015243684e-04,3.208563327793195e-09,3.208563332585083e-09,6.650981850864427e-21
3.382170789648831e-04,3.456225655543437e-09,3.456225660705173e-09,7.321620363566557e-21
3.424353181658015e-04,3.723003097883901e-09,3.723003103444028e-09,8.009744413394867e-21
3.467061671935521e-04,4.010370852184146e-09,4.010370858173410e-09,8.714944251095526e-21
3.510302821972410e-04,4.319917947791485e-09,4.319917954243003e-09,9.460251801574549e-21
3.554083275094577e-04,4.653356028135965e-09,4.653356035085409e-09,1.027200058428785e-20
3.598409757483389e-04,5.012528810204071e-09,5.012528817689868e-09,1.117960764221565e-20
3.643289079209066e-04,5.399422273609521e-09,5.399422281673061e-09,1.222922698835777e-20
3.688728135276935e-04,5.816175635514462e-09,5.816175644200329e-09,1.348041034981450e-20
3.734733906686752e-04,6.265093171990105e-09,6.265093181346325e-09,1.499715669085167e-20
3.781313461505215e-04,6.748656951074381e-09,6.748656961152681e-09,1.682902893114128e-20
3.828473955951849e-04,7.269540547813272e-09,7.269540558669373e-09,1.896494877776956e-20
3.876222635498479e-04,7.830623816989047e-09,7.830623828682971e-09,2.137899169348508e-20
3.924566835982343e-04,8.435008805069850e-09,8.435008817666247e-09,2.404931983094756e-20
3.973513984733172e-04,9.086036889199868e-09,9.086036902768375e-09,2.704114749097986e-20
4.023071601714245e-04,9.787307237812244e-09,9.787307252427872e-09,3.048893790517858e-20
4.073247300677729e-04,1.054269669473630e-08,1.054269671047985e-08,3.453560152391547e-20
4.124048790334425e-04,1.135638119651666e-08,1.135638121347516e-08,3.917838817192029e-20
4.175483875538076e-04,1.223285884111379e-08,1.223285885938099e-08,4.416903789550453e-20
4.227560458484456e-04,1.317697473525833e-08,1.317697475493520e-08,4.921877444431490e-20
4.280286539925428e-04,1.419394775753444e-08,1.419394777872975e-08,5.415454424537576e-20
4.333670220398140e-04,1.528939938482428e-08,1.528939940765519e-08,5.913035943635326e-20
4.387719701469538e-04,1.646938474111523e-08,1.646938476570793e-08,6.436338821321504e-20
4.442443286996402e-04,1.774042603991651e-08,1.774042606640694e-08,7.003280744466295e-20
4.497849384401108e-04,1.910954860471889e-08,1.910954863325345e-08,7.617860033456962e-20
4.553946505963310e-04,2.058431966613158e-08,2.058431969686799e-08,8.281674313341176e-20
4.610743270127707e-04,2.217289014962354e-08,2.217289018273167e-08,8.999140312309847e-20
4.668248402828124e-04,2.388403968426762e-08,2.388403971993043e-08,9.781370917771660e-20
4.726470738828126e-04,2.572722508062244e-08,2.572722511903704e-08,1.064224501411595e-19
4.785419223078346e-04,2.771263254498725e-08,2.771263258636592e-08,1.165218569051434e-19
4.845102912090731e-04,2.985123391783380e-08,2.985123396240521e-08,1.296829040551601e-19
4.905530975329923e-04,3.215484724637149e-08,3.215484729438192e-08,1.474601523056417e-19
4.966712696622014e-04,3.463620202505733e-08,3.463620207677208e-08,1.688103042673184e-19
5.028657475580871e-04,3.730900946354763e-08,3.730900951925245e-08,1.906202947815179e-19
5.091374829052211e-04,4.018803816925029e-08,4.018803822925297e-08,2.102993288456741e-19
5.154874392575752e-04,4.328919566143101e-08,4.328919572606307e-08,2.285460997138240e-19
5.219165921865523e-04,4.662961616589404e-08,4.662961623551257e-08,2.470624993891617e-19
5.284259294308718e-04,5.022775517381318e-08,5.022775524880280e-08,2.679004660309528e-19
5.350164510483158e-04,5.410349128547033e-08,5.410349136624532e-08,2.935418534333207e-19
5.416891695693766e-04,5.827823589972980e-08,5.827823598673639e-08,3.261011263385040e-19
5.484451101528139e-04,6.277505135318929e-08,6.277505144690810e-08,3.650435931245092e-19
5.552853107431537e-04,6.761877815940349e-08,6.761877826035222e-08,4.089582120205488e-19
5.622108222301532e-04,7.283617204858219e-08,7.283617215731843e-08,4.570865602672286e-19
5.692227086102553e-04,7.845605156201264e-08,7.845605167913699e-08,5.093327227081084e-19
5.763220471500510e-04,8.450945701343211e-08,8.450945713959144e-08,5.654191546566555e-19
5.835099285517886e-04,9.102982169202896e-08,9.102982182792003e-08,6.245825962368535e-19
5.907874571209410e-04,9.805315624895046e-08,9.805315639532373e-08,6.877755940674851e-19
5.981557509358646e-04,1.056182472815975e-07,1.056182474392613e-07,7.656771659423305e-19
6.056159420195744e-04,1.137668712079167e-07,1.137668713777417e-07,8.703379311250376e-19
6.131691765136649e-04,1.225440246068191e-07,1.225440247897429e-07,9.881405848269937e-19
6.208166148543914e-04,1.319981722911907e-07,1.319981724882235e-07,1.090347423691978e-18
6.285594319509584e-04,1.421815144772751e-07,1.421815146895047e-07,1.176013144737590e-18
6.363988173660207e-04,1.531502745189007e-07,1.531502747474987e-07,1.270709855047154e-18
6.443359754984459e-04,1.649650087878426e-07,1.649650090340711e-07,1.400221581185036e-18
6.523721257683492e-04,1.776909404029786e-07,1.776909406681967e-07,1.588021665645429e-18
6.605085028044368e-04,1.913983186416373e-07,1.913983189273091e-07,1.814448983429807e-18
6.687463566336890e-04,2.061628060072696e-07,2.061628063149719e-07,2.004121282825511e-18
6.770869528734089e-04,2.220658950790727e-07,2.220658954105038e-07,2.158513240706889e-18
6.855315729256603e-04,2.391953574323022e-07,2.391953577892912e-07,2.381794615486727e-18
6.940815141741403e-04,2.576457270936563e-07,2.576457274781733e-07,2.675572409742780e-18
7.027380901834964e-04,2.775188211850931e-07,2.775188215992598e-07,2.926277533115402e-18
7.115026309011410e-04,2.989243006130407e-07,2.989243010591425e-07,3.177300107571522e-18
7.203764828615712e-04,3.219802738789623e-07,3.219802743594606e-07,3.592604569670615e-18
7.293610093932485e-04,3.468139473231884e-07,3.468139478407339e-07,4.121622720151464e-18
7.384575908280478e-04,3.735623253677064e-07,3.735623259251544e-07,4.612686412499817e-18
7.476676247133259e-04,4.023729645970200e-07,4.023729651974455e-07,5.070652421852539e-18
7.569925260266352e-04,4.334047858103089e-07,4.334047864570237e-07,5.606246545093610e-18
7.664337273931075e-04,4.668289484948092e-07,4.668289491913802e-07,6.461702116557425e-18
7.759926793055603e-04,5.028297925112974e-07,5.028297932615661e-07,7.515376722392416e-18
7.856708503473360e-04,5.416058521493505e-07,5.416058529574543e-07,8.189761973314399e-18
7.954697274179351e-04,5.833709481051753e-07,5.833709489755698e-07,8.660768807283949e-18
8.053908159614459e-04,6.283553633596705e-07,6.283553642971548e-07,9.454125484241450e-18
8.154356401978372e-04,6.768071093921905e-07,6.768071104019330e-07,1.058590040341440e-17
8.256057433571328e-04,7.289932896577422e-07,7.289932907453093e-07,1.191929844268305e-17
8.359026879164989e-04,7.852015677854047e-07,7.852015689567909e-07,1.332936870063511e-17
8.463280558403006e-04,8.457417485263291e-07,8.457417497879906e-07,1.510745977147282e-17
8.568834488231398e-04,9.109474800933827e-07,9.109474814522724e-07,1.730410077238018e-17
8.675704885359368e-04,9.811780871954845e-07,9.811780886590905e-07,1.919119734037056e-17
8.783908168750688e-04,1.056820544780431e-06,1.056820546356818e-06,2.101097175804430e-17
8.893460962146244e-04,1.138291603265501e-06,1.138291604963352e-06,2.336581326491617e-17
9.004380096618036e-04,1.226040076858401e-06,1.226040078687071e-06,2.615411441184293e-17
9.116682613154950e-04,1.320549307457224e-06,1.320549309426784e-06,2.873748063790050e-17
9.230385765280907e-04,1.422339817571850e-06,1.422339819693148e-06,3.169773243270515e-17
9.345507021705532e-04,1.531972166734910e-06,1.531972169019628e-06,3.757011814031266e-17
9.462064069008002e-04,1.650050026974890e-06,1.650050029435607e-06,4.335404163145048e-17
9.580074814354292e-04,1.777223494111500e-06,1.777223496761764e-06,4.692662751514250e-17
9.699557388248298e-04,1.914192652911838e-06,1.914192655766238e-06,5.090066813234030e-17
9.820530147317376e-04,2.061711415521141e-06,2.061711418595388e-06,5.950862683354361e-17
9.943011677132471e-04,2.220591654061090e-06,2.220591657372103e-06,6.870886298570418e-17
1.006702079506357e-03,2.391707649881081e-06,2.391707653447079e-06,7.474629764655365e-17
1.019257655317064e-03,2.576000883659621e-06,2.576000887500224e-06,8.139286244060882e-17
1.031969824113073e-03,2.774485192396070e-06,2.774485196532406e-06,9.094570398288657e-17
1.044840538920147e-03,2.988252321313992e-06,2.988252325768812e-06,1.065217789432319e-16
1.057871777122162e-03,3.218477900829967e-06,3.218477905627772e-06,1.235741429806229e-16
1.071065540764906e-03,3.466427881034513e-06,3.466427886201683e-06,1.381878136251176e-16
1.084423856863651e-03,3.733465458598249e-06,3.733465464163193e-06,1.590473586026692e-16
1.097948777714583e-03,4.021058533670348e-06,4.021058539663657e-06,1.758407470987981e-16
1.111642381210096e-03,4.330787737188605e-06,4.330787743643220e-06,1.983951617896714e-16
1.125506771158036e-03,4.664355072090987e-06,4.664355079042376e-06,2.289791705595856e-16
1.139544077604914e-03,5.023593215217569e-06,5.023593222703927e-06,2.569503179440189e-16
1.153756457163150e-03,5.410475530242711e-06,5.410475538305162e-06,2.829321956495399e-16
1.168146093342414e-03,5.827126845793869e-06,5.827126854476696e-06,3.192922971503943e-16
1.182715196885077e-03,6.275835057017126e-06,6.275835066368010e-06,3.650085403928398e-16
1.197466006105863e-03,6.759063613265604e-06,6.759063623335887e-06,4.118132052912025e-16
1.212400787235727e-03,7.279464959329414e-06,7.279464970174373e-06,4.897510858387553e-16
1.227521834770033e-03,7.839895002731285e-06,7.839895014410442e-06,5.469469571184700e-16
1.242831471821058e-03,8.443428685094916e-06,8.443428697672358e-06,6.072612119213048e-16
1.258332050474907e-03,9.093376741493085e-06,9.093376755037811e-06,6.924701436849118e-16
1.274025952152877e-03,9.793303738021020e-06,9.793303752607322e-06,7.943036120602185e-16
1.289915587977318e-03,1.054704748465532e-05,1.054704750036319e-05,8.815995499093984e-16
1.306003399142072e-03,1.135873992778661e-05,1.135873994470217e-05,1.027695812414269e-15
1.322291857287514e-03,1.223282963468434e-05,1.223282965290031e-05,1.226423527178734e-15
1.338783464880295e-03,1.317410599061891e-05,1.317410601023512e-05,1.397144897030766e-15
1.355480755597792e-03,1.418772523845676e-05,1.418772525958068e-05,1.533373934336269e-15
1.372386294717377e-03,1.527923850032193e-05,1.527923852306926e-05,1.692283229287166e-15
1.389502679510531e-03,1.645462193141744e-05,1.645462195591277e-05,1.969615738922923e-15
1.406832539641872e-03,1.772030916738600e-05,1.772030919376343e-05,2.266678951663881e-15
1.424378537573162e-03,1.908322623871532e-05,1.908322626711923e-05,2.720249079399516e-15
1.442143368972351e-03,2.055082913871920e-05,2.055082916930501e-05,3.142533126529853e-15
1.460129763127731e-03,2.213114424562298e-05,2.213114427855802e-05,3.446529342527493e-15
1.478340483367239e-03,2.383281181431057e-05,2.383281184977498e-05,3.791545555384349e-15
1.496778327483004e-03,2.566513276944438e-05,2.566513280763206e-05,4.666067771362389e-15
1.515446128161187e-03,2.763811904900910e-05,2.763811909012879e-05,5.382537507974625e-15
1.534346753417172e-03,2.976254776595684e-05,2.976254781023323e-05,6.256508976570169e-15
1.553483107036198e-03,3.205001947563917e-05,3.205001952331414e-05,7.041036098390873e-15
1.572858129019474e-03,3.451302085818299e-05,3.451302090951691e-05,7.817368137725140e-15
1.592474796035873e-03,3.716499214803910e-05,3.716499220331224e-05,9.085647650763023e-15
1.612336121879239e-03,4.002039966768165e-05,4.002039972719568e-05,1.054820416045723e-14
1.632445157931417e-03,4.309481384902789e-05,4.309481391310751e-05,1.174871660698760e-14
1.652804993631052e-03,4.640499315467272e-05,4.640499322366745e-05,1.385364406886453e-14
1.673418756948223e-03,4.996897434165498e-05,4.996897441594102e-05,1.607835331982533e-14
1.694289614865023e-03,5.380616954334994e-05,5.380616962333218e-05,1.844430181510582e-14
1.715420773862094e-03,5.793747068032989e-05,5.793747076644413e-05,2.158303461864625e-14
1.736815480411275e-03,6.238536174890551e-05,6.238536184162079e-05,2.369689944573354e-14
1.758477021474355e-03,6.717403957663250e-05,6.717403967645364e-05,2.621171780684217e-14
1.780408725008069e-03,7.232954367764783e-05,7.232954378511811e-05,2.965393346927481e-14
1.802613960475395e-03,7.787989588740546e-05,7.787989600310958e-05,3.432047835960616e-14
1.825096139363200e-03,8.385525050648741e-05,8.385525063105464e-05,4.150265378887178e-14
1.847858715706383e-03,9.028805573691777e-05,9.028805587102528e-05,4.960920344857689e-14
1.870905186618516e-03,9.721322725199726e-05,9.721322739637383e-05,5.943456250744774e-14
1.894239092829134e-03,1.046683348024824e-04,1.046683349579122e-04,6.470233501646552e-14
1.917864019227701e-03,1.126938028281183e-04,1.126938029954454e-04,7.679143834920041e-14
1.941783595414380e-03,1.213331261145450e-04,1.213331262946774e-04,8.328496332632352e-14
1.966001496257666e-03,1.306331016116413e-04,1.306331018055562e-04,8.832925012633557e-14
1.990521442458959e-03,1.406440776108785e-04,1.406440778196275e-04,1.058651538836732e-13
2.015347201124212e-03,1.514202215666088e-04,1.514202217913232e-04,1.386827598971279e-13
2.040482586342664e-03,1.630198079397120e-04,1.630198081816092e-04,1.559848444217908e-13
2.065931459772842e-03,1.755055275422827e-04,1.755055278026726e-04,1.684353907189895e-13
2.091697731235819e-03,1.889448199692536e-04,1.889448202495454e-04,2.038616318200680e-13
2.117785359315909e-03,2.034102308178201e-04,2.034102311195302e-04,2.376265432225668e-13
2.144198351968846e-03,2.189797955184522e-04,2.189797958432118e-04,2.755284133310059e-13
2.170940767137532e-03,2.357374517329245e-04,2.357374520824888e-04,3.078883206383127e-13
2.198016713375486e-03,2.537734824157029e-04,2.537734827919598e-04,3.789991281785849e-13
2.225430350478053e-03,2.731849917856753e-04,2.731849921906562e-04,4.257352784011905e-13
2.253185890121499e-03,2.940764166165243e-04,2.940764170524143e-04,4.728525683638492e-13
2.281287596510056e-03,3.165600754263908e-04,3.165600758955404e-04,5.697063853705156e-13
2.309739787031061e-03,3.407567583319463e-04,3.407567588368842e-04,6.329697939892130e-13
2.338546832918259e-03,3.667963605290640e-04,3.667963610725100e-04,7.556317957497403e-13
2.367713159923356e-03,3.948185625729543e-04,3.948185631578341e-04,8.371137762072677e-13
2.397243248995989e-03,4.249735608558608e-04,4.249735614853211e-04,9.524725302987957e-13
2.427141636972133e-03,4.574228519207998e-04,4.574228525982256e-04,1.167265446158269e-12
2.457412917271140e-03,4.923400745069056e-04,4.923400752359372e-04,1.333534760993389e-12
2.488061740601415e-03,5.299119134960467e-04,5.299119142805997e-04,1.555287892106888e-12
2.519092815674944e-03,5.703390702234667e-04,5.703390710677518e-04,1.661835841099176e-12
2.550510909930720e-03,6.138373039275547e-04,6.138373048361008e-04,2.036798468179756e-12
2.582320850267163e-03,6.606385494473589e-04,6.606385504250363e-04,2.460344874008880e-12
2.614527523783721e-03,7.109921166322250e-04,7.109921176842712e-04,2.585737737267663e-12
2.647135878531675e-03,7.651659773070397e-04,7.651659784390873e-04,3.301314541729200e-12
2.680150924274350e-03,8.234481460410430e-04,8.234481472591482e-04,3.825541052469688e-12
2.713577733256772e-03,8.861481613987878e-04,8.861481627094634e-04,4.200966808359317e-12
2.747421440984939e-03,9.535986748109730e-04,9.535986762212219e-04,5.012006443689054e-12
2.781687247014828e-03,1.026157154691500e-03,1.026157156208852e-03,5.803421311654162e-12
2.816380415751201e-03,1.104207713947330e-03,1.104207715579881e-03,6.566939283150301e-12
2.851506277256420e-03,1.188163069581572e-03,1.188163071338026e-03,7.540968865297406e-12
2.887070228069312e-03,1.278466643678829e-03,1.278466645568545e-03,8.941168151748071e-12
2.923077732034275e-03,1.375594815688353e-03,1.375594817721393e-03,1.051504719872064e-11
2.959534321140701e-03,1.480059336585719e-03,1.480059338772898e-03,1.241687240251739e-11
2.996445596372882e-03,1.592409916201089e-03,1.592409918554037e-03,1.437717042614145e-11
3.033817228570533e-03,1.713236995752774e-03,1.713236998283992e-03,1.633196173141004e-11
3.071654959299990e-03,1.843174718421391e-03,1.843174721144317e-03,1.784769638723685e-11
3.109964601736349e-03,1.982904111645944e-03,1.982904114575024e-03,2.145882012115489e-11
3.148752041556542e-03,2.133156495718590e-03,2.133156498869351e-03,2.490230175824362e-11
3.188023237843600e-03,2.294717134205527e-03,2.294717137594660e-03,2.855304304637283e-11
3.227784224002158e-03,2.468429142726716e-03,2.468429146372162e-03,3.411273073154178e-11
3.268041108685395e-03,2.655197673692588e-03,2.655197677613630e-03,3.730778730590157e-11
3.308800076733549e-03,2.855994395721989e-03,2.855994399939353e-03,4.515221584695402e-11
3.350067390124093e-03,3.071862287656304e-03,3.071862292192266e-03,5.174673387902409e-11
3.391849388933819e-03,3.303920768343308e-03,3.303920773221807e-03,6.011150549548111e-11
3.434152492312865e-03,3.553371184691398e-03,3.553371189938167e-03,7.245807318752550e-11
3.476983199470944e-03,3.821502681896902e-03,3.821502687539594e-03,8.209696839976745e-11
3.520348090675819e-03,4.109698481222604e-03,4.109698487290938e-03,9.609776708116965e-11
3.564253828264270e-03,4.419442592261806e-03,4.419442598787722e-03,1.061245943091927e-10
3.608707157665677e-03,4.752326988258263e-03,4.752326995276082e-03,1.217212840770189e-10
3.653714908438308e-03,5.110059274771702e-03,5.110059282318312e-03,1.471733674786715e-10
3.699283995318616e-03,5.494470883787420e-03,5.494470891902459e-03,1.803601119292860e-10
3.745421419283541e-03,5.907525827261185e-03,5.907525835987253e-03,2.010522682958754e-10
3.792134268626142e-03,6.351330046079633e-03,6.351330055462503e-03,2.333457416546431e-10
3.839429720044566e-03,6.828141392493109e-03,6.828141402581976e-03,2.538242368913732e-10
3.887315039744649e-03,7.340380286253661e-03,7.340380297101387e-03,2.978884785994537e-10
3.935797584556270e-03,7.890641086958914e-03,7.890641098622307e-03,3.325000417316608e-10
3.984884803063581e-03,8.481704227468266e-03,8.481704240008374e-03,4.432342501135335e-10
4.034584236749400e-03,9.116549155722185e-03,9.116549169204607e-03,4.334418369672942e-10
4.084903521153809e-03,9.798368134851935e-03,9.798368149347175e-03,5.314291623599097e-10
4.135850387047266e-03,1.053058095412517e-02,1.053058096970899e-02,6.234612041948857e-10
4.187432661618289e-03,1.131685060601825e-02,1.131685062277207e-02,7.146003893712683e-10
4.239658269675997e-03,1.216109998754912e-02,1.216110000556045e-02,8.369882228242984e-10
4.292535234867639e-03,1.306752968693053e-02,1.306752970629342e-02,9.751018074956746e-10
4.346071680911274e-03,1.404063691961328e-02,1.404063694042879e-02,1.166172861579497e-09
4.400275832843898e-03,1.508523568087946e-02,1.508523570325624e-02,1.318664602623063e-09
4.455156018285041e-03,1.620647818529598e-02,1.620647820935080e-02,1.518621183643436e-09
4.510720668716218e-03,1.740987766656197e-02,1.740987769242035e-02,1.726054674649416e-09
4.566978320776264e-03,1.870133261454039e-02,1.870133264233725e-02,2.093086133826932e-09
4.623937617572869e-03,2.008715252957004e-02,2.008715255945044e-02,2.381344541677655e-09
4.681607310010464e-03,2.157408527747002e-02,2.157408530958991e-02,2.735187706278968e-09
4.739996258134639e-03,2.316934613196937e-02,2.316934616649642e-02,3.106668614569389e-09
4.799113432493377e-03,2.488064859459930e-02,2.488064863171380e-02,3.748402105710032e-09
4.858967915515205e-03,2.671623708533671e-02,2.671623712523254e-02,4.025332460240827e-09
4.919568902904606e-03,2.868492160048007e-02,2.868492164336576e-02,4.695942421356796e-09
4.980925705054760e-03,3.079611443731287e-02,3.079611448341268e-02,5.402360408114129e-09
5.043047748477953e-03,3.305986908805891e-02,3.305986913761410e-02,6.641774402014259e-09
5.105944577253834e-03,3.548692140839145e-02,3.548692146166159e-02,7.176687752039153e-09
5.169625854495671e-03,3.808873316829155e-02,3.808873322555589e-02,8.427005724974636e-09
5.234101363834977e-03,4.087753809531589e-02,4.087753815687498e-02,9.837168247658939e-09
5.299381010924590e-03,4.386639052224563e-02,4.386639058842293e-02,1.153425278203411e-08
5.365474824960532e-03,4.706921675261717e-02,4.706921682376088e-02,1.366271451954294e-08
5.432392960222823e-03,5.050086925867944e-02,5.050086933516445e-02,1.627629367299719e-08
5.500145697635538e-03,5.417718382682230e-02,5.417718390905231e-02,1.792467774934134e-08
5.568743446346323e-03,5.811503976537657e-02,5.811503985378640e-02,2.022507701088960e-08
5.638196745325563e-03,6.233242328879876e-02,6.233242338385680e-02,2.439923753829748e-08
5.708516264985575e-03,6.684849419054029e-02,6.684849429275126e-02,2.682625149561197e-08
5.779712808819898e-03,7.168365591418965e-02,7.168365602409753e-02,3.114218860338400e-08
5.851797315063138e-03,7.685962912871280e-02,7.685962924690397e-02,3.679661135193756e-08
5.924780858371402e-03,8.239952890857150e-02,8.239952903567827e-02,4.388684859805083e-08
5.998674651523776e-03,8.832794561310751e-02,8.832794574981187e-02,5.102699601314688e-08
6.073490047145001e-03,9.467102955159104e-02,9.467102969862876e-02,5.320984779438106e-08
6.149238539449591e-03,1.014565795106101e-01,1.014565796687752e-01,6.429979494695698e-08
6.225931766007786e-03,1.087141352088285e-01,1.087141353789781e-01,7.042907671644923e-08
6.303581509533421e-03,1.164750737302812e-01,1.164750739133410e-01,8.677764645933693e-08
6.382199699694240e-03,1.247727099711925e-01,1.247727101681622e-01,1.005797063728706e-07
6.461798414944616e-03,1.336424011163763e-01,1.336424013283362e-01,1.160651061499360e-07
6.542389884381261e-03,1.431216551395466e-01,1.431216553676644e-01,1.367295314116916e-07
6.623986489622045e-03,1.532502432968219e-01,1.532502435423604e-01,1.511988117178732e-07
6.706600766708201e-03,1.640703165541994e-01,1.640703168185244e-01,1.701741240747712e-07
6.790245408030336e-03,1.756265258574280e-01,1.756265261420175e-01,2.022205472648968e-07
6.874933264278368e-03,1.879661461161024e-01,1.879661464225564e-01,2.384002188617949e-07
6.960677346415887e-03,2.011392037327029e-01,2.011392040627541e-01,2.726381502439144e-07
7.047490827679039e-03,2.151986074611532e-01,2.151986078166786e-01,3.133202328877258e-07
7.135387045600407e-03,2.302002823280231e-01,2.302002827110574e-01,3.524776072990583e-07
7.224379504058137e-03,2.462033062921895e-01,2.462033067049386e-01,4.257538650730614e-07
7.314481875350542e-03,2.632700492551935e-01,2.632700497000502e-01,5.201849764633869e-07
7.405708002296704e-03,2.814663139643044e-01,2.814663144438656e-01,5.714514008423041e-07
7.498071900363141e-03,3.008614782727248e-01,3.008614787898095e-01,6.370902546145882e-07
7.591587759817123e-03,3.215286381362579e-01,3.215286386939281e-01,7.551594682060141e-07
7.686269947906737e-03,3.435447506322676e-01,3.435447512338504e-01,8.243057454374506e-07
7.782133011068198e-03,3.669907761847060e-01,3.669907768338178e-01,9.870774110579846e-07
7.879191677160745e-03,3.919518190676133e-01,3.919518197681872e-01,1.152873761999539e-06
7.977460857729232e-03,4.185172651383601e-01,4.185172658946751e-01,1.241016026699771e-06
8.076955650295160e-03,4.467809156207721e-01,4.467809164374854e-01,1.458914146612336e-06
8.177691340676098e-03,4.768411156161086e-01,4.768411164982913e-01,1.727552417662570e-06
8.279683405334170e-03,5.088008758669720e-01,5.088008768201477e-01,1.931896009934205e-06
8.382947513753722e-03,5.427679861344615e-01,5.427679871646497e-01,2.164939239220440e-06
8.487499530848713e-03,5.788551183725674e-01,5.788551194863297e-01,2.609285247986284e-06
8.593355519400136e-03,6.171799176951248e-01,6.171799188996165e-01,2.967507440400087e-06
8.700531742523755e-03,6.578650789297543e-01,6.578650802327815e-01,3.508886778720182e-06
8.809044666168745e-03,7.010384063400059e-01,7.010384077500863e-01,4.180503958809624e-06
8.918910961647365e-03,7.468328538710967e-01,7.468328553975282e-01,4.436357941711962e-06
9.030147508196298e-03,7.953865430369849e-01,7.953865446899202e-01,5.419499986636590e-06
9.142771395569838e-03,8.468427553166821e-01,8.468427571072094e-01,6.029760365902473e-06
9.256799926665471e-03,9.013498956669552e-01,9.013498976071879e-01,7.066761757430618e-06
9.372250620182262e-03,9.590614234871461e-01,9.590614255903204e-01,8.135795271188436e-06
9.489141213312203e-03,1.020135747090947e+00,1.020135749371529e+00,8.947448963202145e-06
9.607489664465374e-03,1.084736077451522e+00,1.084736079925323e+00,1.054935739394735e-05
9.727314156028883e-03,1.153030236690827e+00,1.153030239375135e+00,1.155246228981123e-05
9.848633097160386e-03,1.225190416485125e+00,1.225190419398839e+00,1.353219590820063e-05
9.971465126616289e-03,1.301392881257325e+00,1.301392884421110e+00,1.583870224280035e-05
1.009582911561534e-02,1.381817610727586e+00,1.381817614164039e+00,1.882661459085315e-05
1.022174417073792e-02,1.466647876098738e+00,1.466647879832568e+00,1.992847717646452e-05
1.034922963686141e-02,1.556069743867667e+00,1.556069747925891e+00,2.322937763781555e-05
1.047830510013228e-02,1.650271500982466e+00,1.650271505394621e+00,2.853119322750572e-05
1.060899039097517e-02,1.749442994812910e+00,1.749442999611289e+00,3.073371089822814e-05
1.074130558713954e-02,1.853774881176091e+00,1.853774886395991e+00,3.631619864165751e-05
1.087527101678427e-02,1.963457773465621e+00,1.963457779145613e+00,3.858112852492062e-05
1.101090726160078e-02,2.078681285781378e+00,2.078681291963608e+00,4.376758290715906e-05
1.114823515997514e-02,2.199632962854840e+00,2.199632969585338e+00,5.288949799812515e-05
1.128727581018943e-02,2.326497089523684e+00,2.326497096852713e+00,5.823799851504693e-05
1.142805057366334e-02,2.459453372539880e+00,2.459453380522302e+00,6.766591354367920e-05
1.157058107823584e-02,2.598675487608572e+00,2.598675496304240e+00,7.802044814995966e-05
1.171488922148808e-02,2.744329484767111e+00,2.744329494241296e+00,8.802935786584857e-05
1.186099717410755e-02,2.896572045535377e+00,2.896572055859220e+00,1.014486329284000e-04
1.200892738329428e-02,3.055548585719793e+00,3.055548596970788e+00,1.164748474065228e-04
1.215870257620952e-02,3.221391198347962e+00,3.221391210610466e+00,1.245598820645710e-04
1.231034576346735e-02,3.394216431968379e+00,3.394216445334159e+00,1.501277743288920e-04
1.246388024267001e-02,3.574122900489764e+00,3.574122915058571e+00,1.720928823897948e-04
1.261932960198707e-02,3.761188721875006e+00,3.761188737755181e+00,1.915165190365547e-04
1.277671772377952e-02,3.955468784370175e+00,3.955468801679285e+00,2.082014724258960e-04
1.293606878826882e-02,4.156991840556878e+00,4.156991859422378e+00,2.483456941020948e-04
1.309740727725184e-02,4.365757431392661e+00,4.365757451952583e+00,2.870712808699299e-04
1.326075797786219e-02,4.581732644567832e+00,4.581732666971501e+00,3.461219561309424e-04
1.342614598637820e-02,4.804848713981809e+00,4.804848738390574e+00,3.655591820271886e-04
1.359359671207875e-02,5.034997469949359e+00,5.034997496537338e+00,4.153895396081521e-04
1.376313588114689e-02,5.272027652904511e+00,5.272027681859351e+00,4.458802625538814e-04
1.393478954062234e-02,5.515741106899023e+00,5.515741138422654e+00,5.217542095619886e-04
1.410858406240314e-02,5.765888873105496e+00,5.765888907414880e+00,5.763051547999923e-04
1.428454614729731e-02,6.022167207847066e+00,6.022167245174932e+00,6.561522834371018e-04
1.446270282912506e-02,6.284213554392577e+00,6.284213594988117e+00,7.522670842468040e-04
1.464308147887201e-02,6.551602502881114e+00,6.551602547010641e+00,8.112898629038412e-04
1.482570980889444e-02,6.823841778270141e+00,6.823841826217683e+00,9.587498663528400e-04
1.501061587717671e-02,7.100368302121929e+00,7.100368354189738e+00,1.080737871077900e-03
1.519782809164211e-02,7.380544380337293e+00,7.380544436846256e+00,1.115262293345004e-03
1.538737521451712e-02,7.663654075576198e+00,7.663654136866112e+00,1.337970455265882e-03
1.557928636675036e-02,7.948899830032618e+00,7.948899896462318e+00,1.581847101450060e-03
1.577359103248660e-02,8.235399411392425e+00,8.235399483339716e+00,1.645943168723831e-03
1.597031906359644e-02,8.522183262125980e+00,8.522183339987349e+00,1.890048707437870e-03
1.616950068426271e-02,8.808192339658293e+00,8.808192423848359e+00,2.021560757683339e-03
1.637116649562378e-02,9.092276542303193e+00,9.092276633253860e+00,2.279694031386265e-03
1.657534748047514e-02,9.373193823013787e+00,9.373193921173042e+00,2.659471318347444e-03
1.678207500802925e-02,9.649610099824432e+00,9.649610205654753e+00,2.951109969826786e-03
1.699138083873500e-02,9.920100078162658e+00,9.920100192138968e+00,3.225534534533397e-03
1.720329712915724e-02,1.018314910577425e+01,1.018314922838138e+01,3.465892896734170e-03
1.741785643691706e-02,1.043715618559751e+01,1.043715631732709e+01,3.727341289130601e-03
1.763509172569383e-02,1.068043827527341e+01,1.068043841662018e+01,4.315144058890365e-03
1.785503637028947e-02,1.091123600378829e+01,1.091123615524569e+01,4.784567322047534e-03
1.807772416175608e-02,1.112772093569350e+01,1.112772109774856e+01,5.117806933963583e-03
1.830318931258729e-02,1.132800451107459e+01,1.132800468420203e+01,5.808319225195133e-03
1.853146646197452e-02,1.151014878457886e+01,1.151014896923439e+01,6.723003542604287e-03
1.876259068112882e-02,1.167217907895199e+01,1.167217927556466e+01,7.109566586999821e-03
1.899659747866885e-02,1.181209865726989e+01,1.181209886623360e+01,7.478034731377136e-03
1.923352280607642e-02,1.192790550295752e+01,1.192790572462155e+01,7.957679193555953e-03
1.947340306321971e-02,1.201761127733443e+01,1.201761151199301e+01,9.230223499941072e-03
1.971627510394560e-02,1.207926250040549e+01,1.207926274828652e+01,9.361158941516710e-03
1.996217624174173e-02,1.211096397152808e+01,1.211096423278086e+01,1.095925146681411e-02
2.021114425546907e-02,1.211090441207957e+01,1.211090468676173e+01,1.145185813538899e-02
2.046321739516610e-02,1.207738427201851e+01,1.207738456008219e+01,1.216842805571369e-02
2.071843438792524e-02,1.200884559605370e+01,1.200884589733115e+01,1.363516554782451e-02
2.097683444384281e-02,1.190390379287631e+01,1.190390410706504e+01,1.413322509515415e-02
2.123845726204289e-02,1.176138109256713e+01,1.176138141921487e+01,1.539491152674561e-02
2.150334303677656e-02,1.158034141300566e+01,1.158034175149541e+01,1.657853072876346e-02
2.177153246359715e-02,1.136012628620575e+01,1.136012663574133e+01,1.762598677675262e-02
2.204306674561234e-02,1.110039142051942e+01,1.110039178011182e+01,1.833113735126532e-02
2.231798759981455e-02,1.080114339536334e+01,1.080114376381854e+01,1.912962812655464e-02
2.259633726348991e-02,1.046277590259039e+01,1.046277627849908e+01,2.052188504564766e-02
2.287815850070758e-02,1.008610486420787e+01,1.008610524593787e+01,2.072150447645870e-02
2.316349460888953e-02,9.672401671537918e+00,9.672402057229919e+00,2.194354420250939e-02
2.345238942546269e-02,9.223423708175224e+00,9.223424095742875e+00,2.190804993158423e-02
2.374488733459389e-02,8.741441240664201e+00,8.741441627799313e+00,2.330995760781489e-02
2.404103327400861e-02,8.229259689512784e+00,8.229260073696748e+00,2.284771425112045e-02
2.434087274189526e-02,7.690236232194875e+00,7.690236610717387e+00,2.347965787156822e-02
2.464445180389491e-02,7.128289642759959e+00,7.128290012746150e+00,2.335722631658292e-02
2.495181710017886e-02,6.547902243482802e+00,6.547902601929995e+00,2.480257542317354e-02
2.526301585261397e-02,5.954112836883426e+00,5.954113180708692e+00,2.279923183508428e-02
2.557809587201764e-02,5.352499505848727e+00,5.352499831948402e+00,2.206245537686612e-02
2.589710556550328e-02,4.749151220059980e+00,4.749151525382269e+00,2.205105594700226e-02
2.622009394391707e-02,4.150627273011355e+00,4.150627554642991e+00,2.111648435142496e-02
2.654711062936801e-02,3.563903699966637e+00,3.563903955234441e+00,1.908839764535274e-02
2.687820586285128e-02,2.996305997260055e+00,2.996306223847956e+00,1.654497974015218e-02
2.721343051196726e-02,2.455427680813035e+00,2.455427876894847e+00,1.573198316429291e-02
2.755283607873631e-02,1.949034489197458e+00,1.949034653585274e+00,1.353249343066659e-02
2.789647470751135e-02,1.484954355456237e+00,1.484954487763838e+00,1.005547934615986e-02
2.824439919298912e-02,1.070953642198460e+00,1.070953743018549e+00,7.938120345195483e-03
2.859666298832104e-02,7.146005544324185e-01,7.146006255258047e-01,5.375595068716563e-03
2.895332021332567e-02,4.231171102964542e-01,4.231171547905504e-01,3.426229501075968e-03
2.931442566280315e-02,2.032215549684882e-01,2.032215775615941e-01,1.629853518117709e-03
2.968003481495387e-02,6.096363849860189e-02,6.096364566551105e-02,3.397190083311125e-04
3.005020383990148e-02,1.555732043214537e-03,1.555732236653247e-03,2.358038570241275e-05
3.042498960832275e-02,2.920331369942084e-02,2.920331754076659e-02,9.544675230958210e-04
3.080444970018489e-02,1.469388962840029e-01,1.469389167356544e-01,3.543060161713448e-03
3.118864241359166e-02,3.564639731414067e-01,3.564640256521301e-01,7.851540784527797e-03
3.157762677374012e-02,6.580039995113162e-01,6.580041021249227e-01,1.553324989355862e-02
3.197146254198877e-02,1.050181778564796e+00,1.050181951981675e+00,2.592123040963890e-02
3.237021022503914e-02,1.529914853286888e+00,1.529915120867292e+00,4.083817536084092e-02
3.277393108423149e-02,2.092342587085068e+00,2.092342974782718e+00,5.686201420404194e-02
3.318268714495675e-02,2.730788516409052e+00,2.730789052623638e+00,7.995216886237697e-02
3.359654120618587e-02,3.436763248181294e+00,3.436763963518962e+00,1.151650613454156e-01
3.401555685011764e-02,4.200012626909491e+00,4.200013553841426e+00,1.452726293969865e-01
3.443979845194737e-02,5.008615089434789e+00,5.008616261845688e+00,1.982037657779165e-01
3.486933118975687e-02,5.849131044987857e+00,5.849132497608471e+00,2.500589473331637e-01
3.530422105452830e-02,6.706805759746620e+00,6.706807527467717e+00,3.348307506568751e-01
3.574453486028251e-02,7.565825595461404e+00,7.565827712530475e+00,4.012080343216597e-01
3.619034025434388e-02,8.409625572239911e+00,8.409628071346740e+00,4.862393059203051e-01
3.664170572773353e-02,9.221244133856011e+00,9.221247045118796e+00,5.682533490784093e-01
3.709870062569158e-02,9.983718745524309e+00,9.983722095394279e+00,6.643041689724770e-01
3.756139515833130e-02,1.068051362350892e+01,1.068051743361817e+01,7.267558068173018e-01
3.802986041142544e-02,1.129596857681304e+01,1.129597286279735e+01,9.923739123593741e-01
3.850416835732780e-02,1.181575574523426e+01,1.181576051556981e+01,1.017921326955520e+00
3.898439186603034e-02,1.222732907261796e+01,1.222733432751746e+01,1.271792350989318e+00
3.947060471635868e-02,1.252034979828247e+01,1.252035552870211e+01,1.392548759514531e+00
3.996288160730713e-02,1.268707022836634e+01,1.268707641517948e+01,1.555340318039109e+00
4.046129816951477e-02,1.272265770579113e+01,1.272266431918711e+01,1.747418497893305e+00
4.096593097688526e-02,1.262544116535875e+01,1.262544816452532e+01,1.917116064976669e+00
4.147685755835083e-02,1.239706405030598e+01,1.239707138345070e+01,2.077736280617913e+00
4.199415640978379e-02,1.204252975591767e+01,1.204253736067703e+01,2.126403195549973e+00
4.251790700605583e-02,1.157012918591300e+01,1.157013699018701e+01,2.290810021492738e+00
4.304818981324825e-02,1.099124443121490e+01,1.099125235445026e+01,2.533655465543295e+00
4.358508630101453e-02,1.032002791198536e+01,1.032003586691067e+01,2.615327680947144e+00
4.412867895509640e-02,9.572962388300315e+00,9.572970283093836e+00,2.864184526850367e+00
4.467905128999690e-02,8.768313786217492e+00,8.768321527061440e+00,2.837128391203903e+00
4.523628786181077e-02,7.925495466800866e+00,7.925502960747582e+00,2.813702252015679e+00
4.580047428121548e-02,7.064368975138168e+00,7.064376133184479e+00,2.752310791465679e+00
4.637169722662367e-02,6.204511976439807e+00,6.204518716678142e+00,2.944051666405203e+00
4.695004445750008e-02,5.364488516245259e+00,5.364494766936179e+00,3.058721505577602e+00
4.753560482784450e-02,4.561159432171340e+00,4.561165134564787e+00,2.722489084438926e+00
4.812846829984256e-02,3.809071239521647e+00,3.809076350245966e+00,2.575819534162279e+00
4.872872595768731e-02,3.119959748741965e+00,3.119964241583560e+00,2.461909763690554e+00
4.933647002157254e-02,2.502399830321571e+00,2.502403697235872e+00,2.263911156323528e+00
4.995179386186134e-02,1.961625100298977e+00,1.961628351526871e+00,1.972199219757498e+00
5.057479201343066e-02,1.499531077796051e+00,1.499533741009393e+00,1.704832074361031e+00
5.120556019019521e-02,1.114863061586995e+00,1.114865180051089e+00,1.483121576209143e+00
5.184419529981277e-02,8.035763712052970e-01,8.035780010223857e-01,1.264735132701217e+00
5.249079545857188e-02,5.593427597259750e-01,5.593439663068182e-01,9.813149439249578e-01
5.314546000646636e-02,3.741640168157727e-01,3.741648708092326e-01,7.764405018591950e-01
5.380828952245705e-02,2.390434685009555e-01,2.390440414851996e-01,5.787738013257865e-01
5.447938583992469e-02,1.446596846437174e-01,1.446600449368086e-01,3.650274138025289e-01
5.515885206231433e-02,8.198551791780737e-02,8.198572688914060e-02,2.580498605016607e-01
5.584679257897603e-02,4.280057240908455e-02,4.280068165601901e-02,1.521982395675111e-01
5.654331308120251e-02,2.005674994891871e-02,2.005679963687571e-02,7.607621204001255e-02
5.724852057846688e-02,8.074333340035489e-03,8.074351885031269e-03,3.383850987831308e-02
5.796252341486340e-02,2.568945326605208e-03,2.568950428224112e-03,1.111932905650987e-02
5.868543128575206e-02,5.355247343267834e-04,5.355255535938543e-04,1.862365237185511e-03
5.941735525461250e-02,4.112036007588480e-05,4.112039845597625e-05,6.383015403519236e-05
6.015840777010632e-02,4.144082262905007e-09,4.144083203425049e-09,1.253410459496355e-06
6.090870268335357e-02,1.811747111193169e-05,1.811746140971253e-05,7.004195902903578e-04
6.166835526542403e-02,3.950405496758052e-04,3.950400402540599e-04,7.126079484750930e-03
6.243748222504673e-02,2.357095554756659e-03,2.357090894327192e-03,3.282895975139497e-02
6.321620172654087e-02,8.562912949888233e-03,8.562891029031102e-03,1.071663522713320e-01
6.400463340796919e-02,2.387309369012082e-02,2.387302153783565e-02,2.528761796420807e-01
6.480289839951900e-02,5.631166987647605e-02,5.631148026364694e-02,5.280200105616539e-01
6.561111934211181e-02,1.180754024774596e-01,1.180749763876581e-01,9.935620447140047e-01
6.642942040624500e-02,2.263774011726412e-01,2.263765488720928e-01,1.655547669475758e+00
6.725792731106929e-02,4.038567826954243e-01,4.038552260330546e-01,2.706809640288488e+00
6.809676734370254e-02,6.782604404691405e-01,6.782577998287762e-01,4.333779151622696e+00
6.894606937878650e-02,1.081120634344554e+00,1.081116424188673e+00,5.759450685586127e+00
6.980596389828542e-02,1.645224526206472e+00,1.645218163215304e+00,8.260598784675608e+00
7.067658301153314e-02,2.400804958610740e+00,2.400795785865786e+00,1.047274948714736e+01
7.155806047552946e-02,3.370573226089112e+00,3.370560555456690e+00,1.393340557703559e+01
7.245053171548969e-02,4.563950949864196e+00,4.563934122667434e+00,1.652131446914264e+01
7.335413384565116e-02,5.971113799500825e+00,5.971092262814594e+00,2.092269870870952e+01
7.426900569033783e-02,7.557697182444338e+00,7.557670575143963e+00,2.385974803729345e+01
7.519528780528904e-02,9.261186410970250e+00,9.261154650409271e+00,2.620742590138386e+01
7.613312249925343e-02,1.099007064669152e+01,1.099003400411867e+01,2.969617971705173e+01
7.708265385585300e-02,1.262673455336405e+01,1.262669370455072e+01,3.098719984894156e+01
7.804402775571848e-02,1.403476146182075e+01,1.403471749949831e+01,3.352182068001615e+01
7.901739189890214e-02,1.507081901631648e+01,1.507077341344119e+01,3.310002903980700e+01
8.000289582756946e-02,1.560061901757571e+01,1.560057353540874e+01,3.194223463007028e+01
8.100069094897380e-02,1.551765419767848e+01,1.551761074004588e+01,3.062061877175262e+01
8.201093055871839e-02,1.476262330749553e+01,1.476258373171989e+01,2.635934227834758e+01
8.303376986430663e-02,1.334080236752890e+01,1.334076827218763e+01,2.210606214413799e+01
8.406936600898866e-02,1.133426019850361e+01,1.133423271666966e+01,1.694321101103892e+01
8.511787809590279e-02,8.905896220774402e+00,8.905875852749283e+00,1.231824868927478e+01
8.617946721251984e-02,6.292901403360812e+00,6.292887923182887e+00,8.283441613119244e+00
8.725429645539157e-02,3.788436528290925e+00,3.788428992058869e+00,4.159034607618915e+00
8.834253095520771e-02,1.712008931850399e+00,1.712005802687756e+00,1.497203617123715e+00
8.944433790216645e-02,3.710146651261333e-01,3.710140503796121e-01,1.329176862561093e-01
9.055988657165952e-02,1.789187564461309e-02,1.789184923457729e-02,2.111028960441138e-01
9.168934835027941e-02,8.089210905474645e-01,8.089200513786072e-01,1.657478927068938e+00
9.283289676215001e-02,2.771512454342370e+00,2.771509455438670e+00,4.251497693321935e+00
9.399070749558582e-02,5.786510969679266e+00,5.786505947366926e+00,7.295517593364645e+00
9.516295843008429e-02,9.590459789389113e+00,9.590453631286193e+00,1.054270099208006e+01
9.634982966365328e-02,1.379995704649811e+01,1.379995146249572e+01,1.357279563327661e+01
9.755150354048085e-02,1.795657055035808e+01,1.795656774963725e+01,1.608108444020651e+01
9.876816467894939e-02,2.158684628057793e+01,2.158684850324962e+01,1.728446012165199e+01
1.000000000000000e-01,2.426854683314898e+01,2.426855582705304e+01,1.899852030260674e+01
