0.0000500000000000001,3.713305852452675e-14,3.7133058579995453e-14,6.652196912716403e-33
0.00005040191524304593,3.8960348940046564e-14,3.8960348998244834e-14,7.318257899570176e-33
0.00005080706120334362,4.0877558822513354e-14,4.087755888357551e-14,8.059568779149241e-33
0.00005121546385038335,4.2889113025677766e-14,4.288911308974474e-14,8.873894998138385e-33
0.000051627149362405994,4.499965414560815e-14,4.499965421282781e-14,9.762808315870438e-33
0.000052042144128081093,4.721405323551471e-14,4.7214053306042196e-14,1.074870253276693e-32
0.00005246047474819838,4.953742104783377e-14,4.953742112183185e-14,1.1830748410052102e-32
0.000052882168037372814,5.1975119829517425e-14,5.197511990715688e-14,1.3033596696769273e-32
0.000053307251025763445,5.4532775697751523e-14,5.453277577921156e-14,1.4334486848515803e-32
0.00005373575096080594,5.721629162466254e-14,5.721629171013115e-14,1.5789175766540687e-32
0.000054167695308959204,6.003186106098191e-14,6.003186115065636e-14,1.7377173175533158e-32
0.00005460311175746586,6.298598223010822e-14,6.298598232419547e-14,1.9138559174543966e-32
0.00005504202821612708,6.60854731255576e-14,6.608547322427481e-14,2.1062243805409768e-32
0.00005548447281909149,6.933748724641335e-14,6.933748734998834e-14,2.3190287948124055e-32
0.00005593047392665859,7.274953010709123e-14,7.274953021576304e-14,2.552581774441728e-32
0.00005638006012709663,7.632947655952232e-14,7.632947667354178e-14,2.80965396563232e-32
0.000056833260238475046,8.008558896773094e-14,8.008558908736119e-14,3.0931129546139536e-32
0.000057290103310511725,8.402653627675256e-14,8.402653640226972e-14,3.405047000751597e-32
0.00005775061862643503,8.816141401989947e-14,8.816141415159321e-14,3.74819911170756e-32
0.00005821483570486085,9.249976531054901e-14,9.249976544872329e-14,4.127145477424373e-32
0.000058682784301684706,9.705160286690038e-14,9.705160301187407e-14,4.5423660877843356e-32
0.00005915449441198906,1.0182743212052952e-13,1.0182743227263723e-13,4.999628382479687e-32
0.00005962999627196602,1.0683827546207466e-13,1.0683827562166744e-13,5.504296259377001e-32
0.000060109320360855414,1.1209569768000645e-13,1.1209569784745264e-13,6.0597637908077e-32
0.00006059249740289848,1.1761183265119283e-13,1.176118328268789e-13,6.671087042815428e-32
0.00006107955836930728,1.2339941134485646e-13,1.2339941152918786e-13,7.343733319038679e-32
0.00006157053448024993,1.2947179120455268e-13,1.2947179139795487e-13,8.085207418173297e-32
0.00006206545720685176,1.3584298697597865e-13,1.3584298717889793e-13,8.898658438694552e-32
0.00006256435827321262,1.4252770305175777e-13,1.4252770326466252e-13,9.795499777674465e-32
0.00006306726965844032,1.495413674078475e-13,1.4954136763122908e-13,1.0784731077751668e-31
0.00006357422359870051,1.5690016720988922e-13,1.569001674442632e-13,1.1872740830553281e-31
0.00006408525258928294,1.6462108617167517e-13,1.6462108641758243e-13,1.3066648350757956e-31
0.00006460038938668445,1.7272194375194815e-13,1.7272194400995628e-13,1.4385935742231323e-31
0.00006511966701070855,1.8122143627999415e-13,1.812214365506986e-13,1.5837741781940546e-31
0.000065643118746582,1.9013918010493959e-13,1.901391803889651e-13,1.7433813274921685e-31
0.00006617077814708839,1.9949575686833259e-13,1.994957571663347e-13,1.919545739820635e-31
0.00006670267903471877,2.0931276100449166e-13,2.0931276131715813e-13,2.112474725749022e-31
0.00006723885550383972,2.1961284957824213e-13,2.196128499062946e-13,2.3259971332450287e-31
0.00006777934192287871,2.3041979457505644e-13,2.3041979491925203e-13,2.5606963362121664e-31
0.00006832417293652712,2.4175853776427783e-13,2.417585381254109e-13,2.818283808429336e-31
0.00006887338346796092,2.5365524826203637e-13,2.536552486409404e-13,3.1028949461640104e-31
0.00006942700872107921,2.6613738292670613e-13,2.661373833242556e-13,3.4153118551970428e-31
0.00006998508418276077,2.792337497262808e-13,2.792337501433933e-13,3.7602613674453257e-31
0.00007054764562513872,2.9297457422391024e-13,2.9297457466154836e-13,4.139409931633157e-31
0.00007111472910789351,3.073915693350312e-13,3.073915697942049e-13,4.556637141315551e-31
0.00007168637098056427,3.2251800851707783e-13,3.2251800899884697e-13,5.015948020580162e-31
0.00007226260788487881,3.383888025606808e-13,3.3838880306615734e-13,5.52233726444069e-31
0.00007284347675710235,3.550405801595702e-13,3.550405806899206e-13,6.07925365606866e-31
0.00007342901483040504,3.7251177244512006e-13,3.725117730015684e-13,6.691848330577313e-31
0.0000740192596372486,3.908427016806256e-13,3.9084270226445607e-13,7.367030332237162e-31
0.00007461424901179216,4.100756743199985e-13,4.1007567493255856e-13,8.109604992558716e-31
0.0000752140210923173,4.302550786456336e-13,4.3025507928833705e-13,8.928517433162731e-31
0.00007581861432367277,4.514274872107839e-13,4.5142748788511396e-13,9.827605297891447e-31
0.00007642806745973872,4.736417643228447e-13,4.736417650303578e-13,1.081941794468658e-30
0.0000770424195659108,4.969491788156048e-13,4.969491795579336e-13,1.191024187020929e-30
0.00007766171002160424,5.21403522370708e-13,5.214035231495659e-13,1.3111247288331904e-30
0.00007828597852277801,5.470612336613834e-13,5.470612344785679e-13,1.4433141186269642e-30
0.00007891526508447928,5.73981528604943e-13,5.739815294623401e-13,1.5888828192715683e-30
0.00007954961004340837,6.022265370246294e-13,6.02226537924218e-13,1.7489818048216795e-30
0.00008018905406050434,6.318614460362028e-13,6.318614469800589e-13,1.925490213887351e-30
0.00008083363812355121,6.629546504901543e-13,6.629546514804564e-13,2.1196088464398173e-30
0.00008148340354980533,6.955779108167411e-13,6.955779118557746e-13,2.3332871139392646e-30
0.00008213839198864377,7.298065186380995e-13,7.298065197282625e-13,2.5688076480528625e-30
0.00008279864542423396,7.657194705296207e-13,7.657194716734291e-13,2.8277098189461523e-30
0.00008346420617822491,8.033996503315944e-13,8.033996515316881e-13,3.1125291724224156e-30
0.00008413511691245988,8.429340204318268e-13,8.429340216909755e-13,3.426656333396663e-30
0.0000848114206317111,8.844138224606855e-13,8.84413823781795e-13,3.7724241874584015e-30
0.00008549316068643625,9.279347878616833e-13,9.279347892478027e-13,4.152493055309595e-30
0.00008618038077555715,9.735973588235656e-13,9.735973602778939e-13,4.5712548942891214e-30
0.00008687312494926097,1.0215069200837356e-12,1.0215069216096294e-12,5.032647711578248e-30
0.00008757143761182364,1.0717740421379428e-12,1.0717740437389236e-12,5.539818355168065e-30
0.00008827536352445623,1.1245147364174998e-12,1.1245147380972625e-12,6.098381112400612e-30
0.00008898494780817405,1.1798507230228892e-12,1.1798507247853106e-12,6.713589711089578e-30
0.00008970023594668892,1.2379097116316073e-12,1.2379097134807549e-12,7.390700925348796e-30
0.00009042127378932457,1.29882569622849e-12,1.298825698168631e-12,8.135782245177125e-30
0.00009114810755395557,1.3627392643386552e-12,1.3627392663742677e-12,8.956388265698465e-30
0.00009188078382996989,1.4297979214766838e-12,1.4297979236124658e-12,9.859437888925321e-30
0.00009261934958125518,1.500156431560738e-12,1.5001564338016184e-12,1.0853728152085683e-29
0.00009336385214920913,1.5739771740771905e-12,1.5739771764283409e-12,1.194758145708681e-29
0.00009411433925577403,1.6514305188199717e-12,1.6514305212868186e-12,1.315280872591019e-29
0.00009487085900649567,1.7326952190693957e-12,1.732695221657632e-12,1.4479093888906754e-29
0.00009563345989360693,1.8179588241177903e-12,1.8179588268333897e-12,1.5939171057281209e-29
0.000096402190799136,1.9074181120938734e-12,1.9074181149431027e-12,1.7546849840270276e-29
0.0000971771009980397,2.0012795440846855e-12,2.0012795470741207e-12,1.9316278285035934e-29
0.00009795824016136204,2.0997597406030273e-12,2.0997597437395673e-12,2.126334944759332e-29
0.00009874565835941797,2.203085981499873e-12,2.203085984790757e-12,2.3407770467608217e-29
0.00009953940606500291,2.3114967304754034e-12,2.3114967339282266e-12,2.576833097641095e-29
0.00010033953415662788,2.4252421853989765e-12,2.425242189021707e-12,2.836668343503669e-29
0.00010114609392178121,2.5445848557080576e-12,2.544584859509056e-12,3.122806130861362e-29
0.00010195913706021541,2.669800168218285e-12,2.6698001722063234e-12,3.4376709311879675e-29
0.0001027787156872614,2.8011771027428997e-12,2.8011771069271824e-12,3.7842377966370535e-29
0.0001036048823371691,2.939018858988111e-12,2.9390188633782944e-12,4.1659480086026704e-29
0.00010443768996647468,3.0836435562633312e-12,3.0836435608695475e-12,4.585995090882936e-29
0.0001052771919573951,3.235384967620941e-12,3.2353849724538205e-12,5.0484425347281535e-29
0.00010612344212124989,3.394593290119625e-12,3.3945932951903214e-12,5.557524827095336e-29
0.00010697649470191035,3.561635952988717e-12,3.561635958308932e-12,6.117940734339179e-29
0.00010783640437927654,3.73689846555839e-12,3.736898471140403e-12,6.73490167363234e-29
0.00010870322627278226,3.9207853069123885e-12,3.920785312769082e-12,7.413872522541271e-29
0.0001095770159449281,4.113720859316121e-12,4.11372086546101e-12,8.161695899737364e-29
0.00011045782940484296,4.316150387574057e-12,4.316150394021324e-12,8.984577963351751e-29
0.00011134572311187421,4.528541066576334e-12,4.528541073340857e-12,9.890656762013824e-29
0.00011224075397920669,4.751383059405576e-12,4.751383066502967e-12,1.0887907313183772e-28
0.0001131429793775107,4.985190648491679e-12,4.985190655938318e-12,1.1986043118631144e-28
0.00011405245713861955,5.23050342242474e-12,5.2305034302378126e-12,1.3194531193800315e-28
0.0001149692455592364,5.487887521164572e-12,5.4878875293621084e-12,1.452504606740187e-28
0.00011589340340467114,5.7579369425201905e-12,5.75793695112111e-12,1.5989935527312652e-28
0.00011682498991260709,6.041274912913845e-12,6.041274921937998e-12,1.760222618673513e-28
0.00011776406479689815,6.338555325592631e-12,6.338555335060842e-12,1.9377341108890322e-28
0.00011871068825139637,6.650464249606231e-12,6.650464259540351e-12,2.133124621444466e-28
0.00011966492095381032,6.9777215130326695e-12,6.977721523455626e-12,2.3482266178004724e-28
0.00012062682406959455,7.321082364105294e-12,7.321082375041138e-12,2.5850230979670313e-28
0.00012159645925587012,7.68133921407379e-12,7.681339225547763e-12,2.8456642281404033e-28
0.00012257388866537683,8.059323465820877e-12,8.059323477859457e-12,3.1326137691451625e-28
0.0001235591749504572,8.45590743245389e-12,8.45590744508486e-12,3.448566577198199e-28
0.00012455238126707233,8.872006350298262e-12,8.87200636355077e-12,3.796283930268486e-28
0.0001255535712788502,9.308580490937609e-12,9.30858050484224e-12,4.179143952645129e-28
0.00012656280916116641,9.76663737717372e-12,9.766637391762565e-12,4.6005541941998345e-28
0.0001275801596052579,1.024723410801943e-11,1.0247234123326154e-11,5.064407415132231e-28
0.00012860568782236938,1.0751479798088876e-11,1.0751479814148804e-11,5.575088680571653e-28
0.00012963945954793345,1.1280538137013824e-11,1.1280538153864022e-11,6.137393300080993e-28
0.00013068154104578424,1.183563007479132e-11,1.183563009247067e-11,6.756195480025278e-28
0.00013173199911240466,1.2418036639258518e-11,1.2418036657807822e-11,7.437491961816656e-28
0.00013279090108120816,1.3029101892195838e-11,1.3029101911657905e-11,8.187579652091866e-28
0.00013385831482685474,1.3670236030878614e-11,1.3670236051298354e-11,9.012998438121048e-28
0.00013493430876960157,1.4342918642233661e-11,1.4342918663658202e-11,9.92195544053484e-28
0.0001360189518796887,1.5048702117108854e-11,1.5048702139587636e-11,1.0922439776453078e-27
0.00013711231368176,1.5789215232533463e-11,1.5789215256118363e-11,1.2023871705366377e-27
0.00013821446425931963,1.656616691023417e-11,1.656616693497961e-11,1.323646171175606e-27
0.00013932547425922433,1.7381350160078893e-11,1.7381350186041986e-11,1.4570980378858144e-27
0.00014044541489621176,1.82366462175464e-11,1.823664624478706e-11,1.6040452773380121e-27
0.00014157435795746545,1.9134028884768153e-11,1.9134028913349243e-11,1.7657925184421072e-27
0.0001427123758072161,2.0075569085157622e-11,2.0075569115145103e-11,1.943861016298766e-27
0.00014385954139138022,2.1063439642135825e-11,2.10634396735989e-11,2.1398715310007404e-27
0.0001450159282422358,2.20999202929781e-11,2.209992032598937e-11,2.3556432472434817e-27
0.00014618161048313573,2.3187402949350025e-11,2.318740298398568e-11,2.5932073675849034e-27
0.00014735666283325895,2.4328397216669357e-11,2.4328397253009317e-11,2.854676341075946e-27
0.00014854116061239998,2.5525536185027656e-11,2.552553622315579e-11,3.1425411101662598e-27
0.0001497351797457967,2.6781582505032072e-11,2.6781582545036368e-11,3.4594504745885735e-27
0.00015093879676899774,2.8099434762585563e-11,2.809943480455834e-11,3.8082813238567e-27
0.0001521520888327669,2.948213416730997e-11,2.9482134211348086e-11,4.192306182124442e-27
0.00015337513370802978,3.093287157004748e-11,3.0932871616252555e-11,4.615042023287778e-27
0.00015460800979085894,3.2454994825626317e-11,3.245499487410499e-11,5.080431020838721e-27
0.00015585079610749746,3.405201651787613e-11,3.405201656874026e-11,5.592750884329912e-27
0.00015710357231942594,3.572762206472017e-11,3.572762211808715e-11,6.156686491076909e-27
0.00015836641872846857,3.748567822203787e-11,3.7485678278030846e-11,6.777530338675257e-27
0.0001596394162819396,3.933024200591659e-11,3.933024206466477e-11,7.460978617729269e-27
0.00016092264657783262,4.126557005387919e-11,4.126557011551815e-11,8.213285515830645e-27
0.0001622161918700508,4.32961284466805e-11,4.3296128511352485e-11,9.041577364237694e-27
0.00016352013507367922,4.5426603013331956e-11,4.5426603081186196e-11,9.953299657675682e-27
0.00016483455977029973,4.7661910143127595e-11,4.7661910214320685e-11,1.0956873814713508e-26
0.00016615955021334839,5.000720812961351e-11,5.000720820430973e-11,1.206183320491072e-26
0.0001674951913335161,5.246790907267041e-11,5.2467909151042135e-11,1.327805750354202e-26
0.00016884156874419245,5.5049691366165246e-11,5.504969144839332e-11,1.4617023362837494e-26
0.00017019876874695372,5.7758512799980474e-11,5.7758512886254656e-11,1.6090954355763153e-26
0.00017156687833709439,6.060062430664339e-11,6.060062439716277e-11,1.771353762494749e-26
0.00017294598520920375,6.358258438426865e-11,6.358258447924211e-11,1.9499738580550467e-26
0.00017433617776278695,6.671127422908311e-11,6.67112743287298e-11,2.1466067278436143e-26
0.00017573754510793118,6.999391361244107e-11,6.999391371699095e-11,2.3630696247698923e-26
0.00017715017707101784,7.343807753895548e-11,7.343807764864978e-11,2.601351034225347e-26
0.00017857416420048006,7.70517137241689e-11,7.705171383926078e-11,2.863668542907679e-26
0.0001800095977726069,8.084316093208267e-11,8.08431610528377e-11,3.152438163507734e-26
0.00018145656979739411,8.482116821484235e-11,8.482116834153919e-11,3.4703162427041907e-26
0.0001829151730244418,8.899491509895908e-11,8.899491523189008e-11,3.820253803827812e-26
0.00018438550094889957,9.33740327646302e-11,9.33740329041021e-11,4.2054797283132674e-26
0.00018586764781745968,9.796862626701278e-11,9.796862641334742e-11,4.629546218954603e-26
0.00018736170863439792,1.0278929785070377e-10,1.0278929800423883e-10,5.0963873004660286e-26
0.00018886777916766347,1.0784717141120694e-10,1.078471715722967e-10,5.610289540516923e-26
0.00019038595595501743,1.1315391815980586e-10,1.1315391832882206e-10,6.17601376647427e-26
0.00019191633631022092,1.1872178355104276e-10,1.1872178372837537e-10,6.798769343010098e-26
0.00019345901832927272,1.2456361553490992e-10,1.2456361572096817e-10,7.484365003231662e-26
0.00019501410089669708,1.3069289419891891e-10,1.306928943941321e-10,8.239065236417026e-26
0.0001965816836918823,1.3712376286841616e-10,1.3712376307323477e-10,9.069882854024051e-26
0.00019816186719546995,1.4387106073687592e-10,1.4387106095177253e-10,9.984447079713035e-26
0.00019975475269579562,1.5095035710142995e-10,1.5095035732690048e-10,1.0991243904880234e-25
0.00020136044229538146,1.5837798728259592e-10,1.5837798751916058e-10,1.2099561846262532e-25
0.00020297903891748075,1.6617109031104736e-10,1.6617109055925206e-10,1.3319637484530163e-25
0.00020461064631267534,1.7434764846834605e-10,1.7434764872876347e-10,1.4662778673380885e-25
0.00020625536906552583,1.8292652877282848e-10,1.8292652904605958e-10,1.614132822329299e-25
0.00020791331260127543,1.9192752650632742e-10,1.919275267930026e-10,1.7768968026875642e-25
0.00020958458319260756,2.0137141088211065e-10,2.0137141118289138e-10,1.9560697413447983e-25
0.0002112692879664579,2.1127997295936074e-10,2.1127997327494108e-10,2.1533162322877364e-25
0.00021296753491088107,2.2167607591469453e-10,2.2167607624580265e-10,2.370447059461287e-25
0.00021467943288197268,2.3258370778665994e-10,2.3258370813405983e-10,2.6094771234755317e-25
0.00021640509161084667,2.440280368148442e-10,2.4402803717933747e-10,2.8726036138409207e-25
0.00021814462171066928,2.5603546950121713e-10,2.5603546988364475e-10,3.1622675696156953e-25
0.000219898134683749,2.686337115275989e-10,2.6863371192884334e-10,3.481140854403846e-25
0.00022166574292868386,2.8185183166973675e-10,2.8185183209072376e-10,3.832166503226619e-25
0.00022344755974756624,2.957203288553765e-10,2.957203292970774e-10,4.218582637574417e-25
0.00022524369935324507,3.1027120252096286e-10,3.102712029843969e-10,4.643974993755134e-25
0.00022705427687664712,3.2553802642921573e-10,3.2553802691545214e-10,5.11224696925158e-25
0.0002288794083741566,3.4155602611779225e-10,3.4155602662795295e-10,5.627753883252173e-25
0.00023071921083505433,3.5836216015763177e-10,3.5836216069289383e-10,6.195231539758266e-25
0.0002325738021890166,3.759952054083487e-10,3.759952059699472e-10,6.81993195494583e-25
0.00023444330131367446,3.944958464672642e-10,3.9449584705649485e-10,7.507619422937497e-25
0.00023632782804223354,4.139067695183222e-10,4.139067701365445e-10,8.26466615465883e-25
0.0002382275031711553,4.342727607972877e-10,4.3427276144592803e-10,9.098037132778881e-25
0.00024014244846790007,4.5564080990026154e-10,4.5564081058081653e-10,1.0015432533745015e-24
0.00024207278667873203,4.780602181737046e-10,4.780602188877444e-10,1.1025344653359404e-24
0.00024401864153658734,5.015827124358888e-10,5.015827131850609e-10,1.2137097581831215e-24
0.00024598013776900516,5.262625642919657e-10,5.262625650779985e-10,1.3360947709782557e-24
0.00024795740110612275,5.521567153177504e-10,5.521567161424575e-10,1.4708205904234285e-24
0.00024995055828873434,5.793249084008273e-10,5.793249092661114e-10,1.6191294470526217e-24
0.00025195973707641553,6.078298255417991e-10,6.078298264496566e-10,1.782395115387809e-24
0.00025398506625571215,6.37737232433356e-10,6.377372333858814e-10,1.9621209744528327e-24
0.0002560266756483957,6.691161301505002e-10,6.691161311498913e-10,2.1599695736033206e-24
0.00025808469611978454,7.02038914301611e-10,7.020389153501733e-10,2.377772218599681e-24
0.00026015925958713243,7.365815420072601e-10,7.365815431074128e-10,2.6175339750491924e-24
0.00026225049902808416,7.728237070917046e-10,7.72823708245986e-10,2.881472728747803e-24
0.00026435854848919944,8.108490238909234e-10,8.108490251019964e-10,3.1720222860901413e-24
0.00026648354309454506,8.507452201009044e-10,8.50745221371563e-10,3.491871425599974e-24
0.00026862561905435626,8.926043391107375e-10,8.926043404439131e-10,3.843971941559517e-24
0.00027078491367376765,9.365229522869057e-10,9.365229536856741e-10,4.231574049600208e-24
0.0002729615653616144,9.826023816981118e-10,9.826023831657e-10,4.658258769354771e-24
0.00027515571363930414,1.0309489337940184e-9,1.030948935333812e-9,5.12797283097143e-24
0.00027736749914976,1.0816741445765263e-9,1.0816741461920777e-9,5.6450463133766215e-24
0.00027959706366643576,1.1348950368286961e-9,1.1348950385237325e-9,6.214252503615866e-24
0.00028184455010240374,1.1907343899941942e-9,1.1907343917726257e-9,6.840857754370921e-24
0.00028411010251951476,1.249321023329264e-9,1.2493210251951934e-9,7.530653460200581e-24
0.00028639386613763294,1.3107900929798685e-9,1.3107900949376003e-9,8.289986524642854e-24
0.0002886959873439438,1.3752834036686323e-9,1.375283405722683e-9,9.125891928551208e-24
0.00029101661370233776,1.4429497357099584e-9,1.4429497378650662e-9,1.0046089588576768e-23
0.00029335589396286876,1.5139451881069368e-9,1.5139451903680735e-9,1.1059059647727076e-23
0.00029571397807128907,1.5884335385207452e-9,1.5884335408931269e-9,1.2174183409437233e-23
0.00029809101717866057,1.6665866209420824e-9,1.6665866234311813e-9,1.3401736832212046e-23
0.0003004871636510434,1.7485847219349633e-9,1.748584724546522e-9,1.4753070446592513e-23
0.0003029025710792626,1.8346169963659823e-9,1.8346169991060244e-9,1.6240661027358005e-23
0.00030533739428875327,1.9248819035770043e-9,1.924881906451851e-9,1.7878243124943058e-23
0.0003077917893494842,2.019587665006347e-9,2.01958766802263e-9,1.9680942917716076e-23
0.0003102659135859624,2.118952744312938e-9,2.1189527474776145e-9,2.166541336504446e-23
0.0003127599255873172,2.2232063511096726e-9,2.223206354430043e-9,2.384998464694589e-23
0.0003152739852174657,2.332588969466673e-9,2.3325889729503964e-9,2.6254823119399765e-23
0.0003178082536253598,2.4473529124020855e-9,2.4473529160571973e-9,2.890212826728082e-23
0.000320362893255316,2.5677629036379767e-9,2.5677629074729084e-9,3.181638628857111e-23
0.00032293806785742757,2.6940966879616028e-9,2.6940966919851995e-9,3.5024469957621913e-23
0.00032553394249806096,2.826645671598239e-9,2.8266456758197825e-9,3.855603031090321e-23
0.0003281506835704365,2.9657155940708403e-9,2.9657155985000674e-9,4.244366390728961e-23
0.0003307884588052939,3.111627233094254e-9,3.111627237741381e-9,4.672330883305475e-23
0.00033344743728164363,3.264717144127845e-9,3.264717149003591e-9,5.143444949079951e-23
0.0003361277894376049,3.425338436290086e-9,3.4253384414056964e-9,5.662062576606996e-23
0.0003388296870813304,3.59386158642245e-9,3.593861591789725e-9,6.232970866769214e-23
0.0003415533034020191,3.770675293177704e-9,3.770675298809022e-9,6.861443584127484e-23
0.00034429881298101773,3.956187373099873e-9,3.956187379008223e-9,7.553282582239226e-23
0.00034706639180301087,4.150825700759732e-9,4.1508257069587406e-9,8.314878192701451e-23
0.00034985621726730187,4.355039195111214e-9,4.355039201615178e-9,9.153266954542893e-23
0.00035266846819918357,4.5692988543403014e-9,4.569298861164222e-9,1.0076188214747835e-22
0.0003555033248614011,4.794098841589787e-9,4.794098848749404e-9,1.1092162856175958e-22
0.00035836096896570656,5.029957624060218e-9,5.029957631572041e-9,1.2210579839014894e-22
0.00036124158368450643,5.277419168110176e-9,5.277419175991531e-9,1.3441759029257773e-22
0.0003641453536626028,5.53705419310804e-9,5.537054201377103e-9,1.4797076822111137e-22
0.00036707246502902914,5.809461486922403e-9,5.809461495598244e-9,1.6289045630294505e-22
0.0003700231054089807,6.0952692860801864e-9,6.095269295182814e-9,1.7931446299975565e-22
0.0003729974639358412,6.395136723770369e-9,6.395136733320776e-9,1.9739442800402183e-22
0.00037599573126330626,6.70975534902718e-9,6.709755359047391e-9,2.1729737777333914e-22
0.00037901809957760366,7.0398507205904834e-9,7.039850731103606e-9,2.392069687398e-22
0.0003820647626098141,7.386184079113007e-9,7.386184090143284e-9,2.6332569749716083e-22
0.0003851359156482856,7.749554101563333e-9,7.749554113136202e-9,2.89876134404029e-22
0.0003882317555511548,8.130798741864776e-9,8.130798754006924e-9,3.191035705914017e-22
0.00039135248075896386,8.53079716200586e-9,8.530797174745288e-9,3.512778004858664e-22
0.00039449829130738004,8.950471758068293e-9,8.950471771434377e-9,3.866960578018404e-22
0.0003976693888400195,9.39079028583602e-9,9.390790299859578e-9,4.256853212459745e-22
0.00040086597662137,9.85276809087695e-9,9.852768105590323e-9,4.686055769215494e-22
0.0004040882595498221,1.0337470448231283e-8,1.0337470463668396e-8,5.158533116959491e-22
0.00040733644417080084,1.0846015017089885e-8,1.0846015033286335e-8,5.678647464170929e-22
0.0004106107386900075,1.1379574416113088e-8,1.1379574433106218e-8,6.251201136115602e-22
0.00041391135298676356,1.1939378925315069e-8,1.1939378943144062e-8,6.881481619769239e-22
0.00041723849862746566,1.252671932073248e-8,1.2526719339438445e-8,7.575307855801155e-22
0.00042059238887914445,1.3142949848398671e-8,1.3142949868024739e-8,8.339089365448896e-22
0.0004239732387231362,1.378949134446773e-8,1.378949136505915e-8,9.179875202190496e-22
0.00042738126486886345,1.446783450866638e-8,1.446783453027063e-8,1.0105430198596848e-21
0.0004308166857677236,1.5179543338604565e-8,1.5179543361271448e-8,1.1124302154108512e-21
0.00043427972162709384,1.592625873284693e-8,1.5926258756628713e-8,1.2245897495679574e-21
0.0004377705944244465,1.6709702271032735e-8,1.670970229598424e-8,1.3480573922339804e-21
0.00044128952792157493,1.7531680179739397e-8,1.7531680205918155e-8,1.4839732510726644e-21
0.00044483674767893856,1.8394087493213614e-8,1.8394087520679974e-8,1.6335920111238668e-21
0.0004484124810701205,1.9298912418538535e-8,1.9298912447355824e-8,1.7982954679674455e-21
0.00045201695729640265,2.0248240915277496e-8,2.024824094551214e-8,1.9796041958979737e-21
0.0004556504074014547,2.1244261500125547e-8,2.1244261531847245e-8,2.179192373349226e-21
0.00045931306428614844,2.228927028762076e-8,2.228927032090264e-8,2.3989025823721876e-21
0.00046300516272348237,2.338567627850241e-8,2.338567631342119e-8,2.6407641982231293e-21
0.00046672693937363204,2.4536006907880145e-8,2.4536006944516322e-8,2.9070096026165673e-21
0.0004704786327991199,2.574291386596894e-8,2.5742913904406965e-8,3.2000974166781796e-21
0.00047426048348010654,2.7009179204772794e-8,2.7009179245101263e-8,3.522733516079144e-21
0.00047807273382980537,2.833772174475664e-8,2.8337721787068513e-8,3.8778968866924904e-21
0.00048191562821002124,2.9731603796234483e-8,2.9731603840627287e-8,4.268866828487866e-21
0.00048578941294681355,3.119403821092391e-8,3.119403825749997e-8,4.6992530809347464e-21
0.0004896943363462858,3.2728395779875785e-8,3.272839582874245e-8,5.173029102999446e-21
0.0004936306487105016,3.433821299478206e-8,3.433821304605196e-8,5.694569002248572e-21
0.0004975986023535286,3.602720019049959e-8,3.6027200244290886e-8,6.268688091065906e-21
0.0005015984516176124,3.779925008750175e-8,3.779925014393842e-8,6.900687208725661e-21
0.0005056304528894785,3.965844675388802e-8,3.9658446813100126e-8,7.596400991335397e-21
0.0005096948646167675,4.1609075007544105e-8,4.16090750696681e-8,8.362252690131185e-21
0.0005137919473246008,4.365563028005492e-8,4.365563034523399e-8,9.205311909978272e-21
0.0005179219636322799,4.5802828965032e-8,4.5802829033416335e-8,1.0133363278153526e-20
0.0005220851782701209,4.80556192746287e-8,4.80556193463759e-8,1.1154973463485751e-20
0.0005262818580964221,5.041919262918028e-8,5.041919270445567e-8,1.2279575117868834e-20
0.0005305122721145709,5.2898995606131825e-8,5.289899568510886e-8,1.3517550036517817e-20
0.0005347766914902854,5.550074247569505e-8,5.550074255855572e-8,1.4880325903816923e-20
0.0005390753895689967,5.823042835202501e-8,5.823042843896024e-8,1.6380486404347245e-20
0.0005434086418933698,6.109434299011516e-8,6.109434308132525e-8,1.803187696741702e-20
0.0005477767262209655,6.409908526009102e-8,6.409908535578616e-8,1.9849744785232797e-20
0.0005521799225420445,6.725157833213621e-8,6.725157843253684e-8,2.1850870933821002e-20
0.0005566185130975148,7.055908560691073e-8,7.05590857122482e-8,2.4053727545129827e-20
0.0005610927823970227,7.402922742803235e-8,7.402922753854933e-8,2.647865082168692e-20
0.00056560301723719,7.766999861498266e-8,7.766999873093377e-8,2.914802647536775e-20
0.0005701495067199968,8.148978685667832e-8,8.148978697833067e-8,3.208649407757936e-20
0.0005747325422713135,8.549739200792153e-8,8.549739213555537e-8,3.532118177129298e-20
0.00057935241765958,8.970204633300973e-8,8.970204646691909e-8,3.888194337614795e-20
0.0005840094290146369,9.411343574295529e-8,9.411343588344863e-8,4.280165080548776e-20
0.0005887038748467065,9.874172207503978e-8,9.874172222244075e-8,4.711648697647621e-20
0.0005934360560655266,1.0359756646581515e-7,1.0359756662046324e-7,5.186627723685748e-20
0.000598206275999642,1.0869215387117072e-7,1.0869215403342213e-7,5.709486528716192e-20
0.0006030148404158408,1.1403721878969322e-7,1.1403721895992167e-7,6.285051227276642e-20
0.0006078620575387604,1.1964507224833794e-7,1.1964507242693553e-7,6.918634793032762e-20
0.000612748238070641,1.2552863011227133e-7,1.2552863029964933e-7,7.616084704840162e-20
0.0006176736952112424,1.3170144278381206e-7,1.3170144298040203e-7,8.383838777934439e-20
0.0006226387446779187,1.3817772635855621e-7,1.381777265648109e-7,9.228983323681711e-20
0.0006276437047258583,1.4497239531011728e-7,1.4497239552651164e-7,1.0159318613866924e-19
0.0006326888961684805,1.5210109677838937e-7,1.5210109700542173e-7,1.118343140776565e-19
0.0006377746423979997,1.5958024653993202e-7,1.5958024677812517e-7,1.2310773926648655e-19
0.000642901269406157,1.6742706674291111e-7,1.674270669928135e-7,1.355175074366163e-19
0.0006480691058051139,1.7565962549305154e-7,1.7565962575523857e-7,1.491781519749027e-19
0.0006532784828485165,1.8429687838130938e-7,1.8429687865638474e-7,1.64215750124566e-19
0.00065852973445273,1.9335871204840104e-7,1.9335871233699803e-7,1.8076907597394265e-19
0.0006638231972182396,2.0286598988596438e-7,2.0286599018874745e-7,1.9899091024380562e-19
0.0006691592104512289,2.1284059997904583e-7,2.1284060029671207e-7,2.1904941035221095e-19
0.0006745381161853263,2.2330550539967962e-7,2.2330550573296027e-7,2.4112968718077327e-19
0.0006799602592035324,2.3428479696674627e-7,2.342847973164085e-7,2.6543551266585816e-19
0.0006854259870603176,2.4580374859287355e-7,2.458037489597223e-7,2.921911834377728e-19
0.0006909356501039032,2.578888753451072e-7,2.578888757299869e-7,3.21643614122292e-19
0.000696489601498714,2.705679943522137e-7,2.705679947560102e-7,3.540645738851589e-19
0.0007020881972480192,2.8387028869803546e-7,2.8387028912167814e-7,3.8975326024407904e-19
0.0007077317962167508,2.9782637444708156e-7,2.978263748915454e-7,4.290389885875364e-19
0.0007134207601545053,3.1246837095570437e-7,3.1246837142201226e-7,4.722842615702537e-19
0.0007191554537187333,3.2782997462972093e-7,3.27829975118946e-7,5.198881351701861e-19
0.0007249362444981155,3.439465362971699e-7,3.439465368104379e-7,5.722898619417754e-19
0.0007307635030361193,3.6085514237313455e-7,3.6085514291162654e-7,6.299729490896077e-19
0.0007366376028547551,3.7859470000226333e-7,3.785947005672184e-7,6.934696349221383e-19
0.0007425589204785172,3.9720602637360805e-7,3.97206026966326e-7,7.633657897901241e-19
0.0007485278354585161,4.1673194241194707e-7,4.1673194303379165e-7,8.403063137336476e-19
0.0007545447303968137,4.372173710597694e-7,4.372173717121712e-7,9.25001100523532e-19
0.0007606099909709415,4.587094403744344e-7,4.587094410588943e-7,1.0182315465160106e-18
0.0007667240059586251,4.812575916761371e-7,4.812575923942296e-7,1.120857804187625e-18
0.0007728871672627038,5.049136929936926e-7,5.049136937470694e-7,1.233826712796042e-18
0.0007790998699362517,5.29732158067269e-7,5.297321588576631e-7,1.3581804452329678e-18
0.0007853625122078999,5.557700711798234e-7,5.557700720090527e-7,1.4950662781800563e-18
0.0007916754955073624,5.830873181022686e-7,5.830873189722401e-7,1.6457469700723791e-18
0.0007980392244911679,6.117467234512949e-7,6.117467243640094e-7,1.8116126060081493e-18
0.0008044541070685974,6.418141947733625e-7,6.41814195730919e-7,1.9941932655434333e-18
0.0008109205544278314,6.733588736836695e-7,6.733588746882696e-7,2.1951732372480458e-18
0.0008174389810623059,7.064532944049294e-7,7.064532954588833e-7,2.4164063645378126e-18
0.0008240098047972818,7.411735500676258e-7,7.411735511733567e-7,2.6599334941209315e-18
0.0008306334468166268,7.775994671510273e-7,7.775994683110772e-7,2.9280008755436537e-18
0.000837310331689813,8.158147884627392e-7,8.158147896797752e-7,3.22308109471181e-18
0.000844040887399131,8.559073650739671e-7,8.559073663507868e-7,3.5478959613311276e-18
0.0008508255453671238,8.979693576479892e-7,8.979693589875276e-7,3.9054413097870665e-18
0.0008576647404842405,9.420974476206508e-7,9.420974490259867e-7,4.299014859858371e-18
0.0008645589111367118,9.883930587140468e-7,9.883930601884102e-7,4.732246623735497e-18
0.0008715084992346509,1.0369625892880106e-6,1.03696259083479e-6,5.20913207829814e-18
0.000878513950240379,1.0879176560585786e-6,1.0879176576813283e-6,5.734069374417072e-18
0.0008855757131969794,1.141375349738385e-6,1.141375351440834e-6,6.3118996533179355e-18
0.0008926942407570805,1.1974585031809583e-6,1.1974585049670183e-6,6.947951549888553e-18
0.0008998699892118705,1.256295972639211e-6,1.2562959745129855e-6,7.64809082538474e-18
0.0009071034185203454,1.3180229327781206e-6,1.3180229347439146e-6,8.418773622775689e-18
0.0009143949923387916,1.3827811861127442e-6,1.3827811881750735e-6,9.267106785313022e-18
0.0009217451780505064,1.4507194875753617e-6,1.4507194897389636e-6,1.0200912728956604e-17
0.0009291544467957563,1.5219938849497567e-6,1.5219938872196009e-6,1.1228801889310326e-17
0.0009366232735019771,1.596768075946572e-6,1.5967680783278714e-6,1.2360251939397497e-17
0.0009441521369142157,1.6752137827312633e-6,1.6752137852294866e-6,1.3605695011503228e-17
0.0009517415196258182,1.7575111447556704e-6,1.7575111473765542e-6,1.4976614161034472e-17
0.0009593919081093626,1.8438491307855387e-6,1.8438491335351015e-6,1.6485648777752664e-17
0.0009671037927478423,1.934425971059732e-6,1.934425973944286e-6,1.814671109009473e-17
0.0009748776678660982,2.0294496105623013e-6,2.0294496135884697e-6,1.997511464784984e-17
0.0009827140317625054,2.129138184436259e-6,2.129138187610988e-6,2.1987715238409573e-17
0.000990613386740913,2.233720516617849e-6,2.2337205199484256e-6,2.4203065961267258e-17
0.0009985762391428417,2.3434366428224982e-6,2.3434366463165676e-6,2.6641588398995805e-17
0.0010066030993799396,2.4585383590685264e-6,2.458538362734107e-6,2.932576033950517e-17
0.0010146944819666992,2.5792897969822777e-6,2.5792898008277814e-6,3.2280323822012445e-17
0.0010228509055534374,2.705968027188643e-6,2.7059680312228935e-6,3.553251126583517e-17
0.0010310728929595406,2.838863692154217e-6,2.83886369638647e-6,3.91122982388827e-17
0.0010393609712069768,2.9782816699166428e-6,2.978281674356609e-6,4.3052677961831594e-17
0.001047715671554077,3.1245417702031693e-6,3.1245417748610323e-6,4.7389966056721354e-17
0.0010561375295295888,3.2779794645143686e-6,3.277979469400813e-6,5.2164134762244775e-17
0.001064627084967003,3.4389466518252262e-6,3.438946656951459e-6,5.741918099486412e-17
0.0010731848820391568,3.60781246163599e-6,3.607812467013767e-6,6.320353092205322e-17
0.0010818114692931146,3.7849640961889328e-6,3.7849641018305856e-6,6.957048663926461e-17
0.0010905073996853288,3.970807713755259e-6,3.970807719673722e-6,7.657871650697816e-17
0.0010992732306170851,4.165769354988494e-6,4.165769361197337e-6,8.429279556273362e-17
0.00110810952397023,4.370295914437267e-6,4.370295920950722e-6,9.278379919655505e-17
0.001117016846143188,4.584856159411819e-6,4.584856166244816e-6,1.0212995867154563e-16
0.0011259957680872666,4.8099417985044815e-6,4.809941805672679e-6,1.1241738014975897e-16
0.001135046865343254,5.046068602175834e-6,5.0460686096956595e-6,1.2374083710746174e-16
0.0011441707180783111,5.293777577934624e-6,5.293777585823309e-6,1.3620464418976484e-16
0.0011533679111231585,5.553636202761851e-6,5.553636211037468e-6,1.4992361531040367e-16
0.0011626390340095652,5.8262397155574396e-6,5.826239724238946e-6,1.6502412096712924e-16
0.0011719846810081358,6.112212472521988e-6,6.11221248162927e-6,1.8164525202874285e-16
0.0011814054511664035,6.412209368526943e-6,6.412209378080858e-6,1.9994009832489956e-16
0.0011909019483472279,6.72691732767367e-6,6.726917337696096e-6,2.2007715696404971e-16
0.0012004747812675025,7.057056866396508e-6,7.057056876910394e-6,2.4224188403411627e-16
0.001210124563537173,7.403383732626623e-6,7.403383743656041e-6,2.6663839924822036e-16
0.0012198519136985685,7.76669062470308e-6,7.766690636273277e-6,2.9349136528088395e-16
0.0012296574552660502,8.147808993895306e-6,8.147809006032765e-6,3.2304805184266405e-16
0.0012395418167659778,8.547610934587221e-6,8.547610947319715e-6,3.5558061312759253e-16
0.0012495056317769974,8.967011166368463e-6,8.96701117972513e-6,3.91388587525289e-16
0.0012595495389706533,9.406969112482594e-6,9.406969126493996e-6,4.308016560560908e-16
0.0012696741821523264,9.868491079296325e-6,9.868491093994512e-6,4.74182670436187e-16
0.001279880210302502,0.000010352632541678192,0.000010352632557096784,5.219309917051263e-16
0.0012901682776183677,0.000010860500539410265,0.000010860500555584523,5.744861616250252e-16
0.0013005390435557478,0.000011393256190002898,0.00001139325620696981,6.323319430708465e-16
0.001310993172871374,0.000011952117323540513,0.000011952117341338869,6.960007710318484e-16
0.0013215313356654947,0.000012538361245456726,0.000012538361264127214,7.660786395499666e-16
0.0013321542074248283,0.000013153327633420639,0.000013153327653005933,8.432104942286797e-16
0.001342862469065862,0.000013798421574812618,0.000013798421595357479,9.281061592440943e-16
0.0013536568069784968,0.000014475116751578809,0.00001447511677313018,1.0215468586988794e-15
0.001364537913070045,0.00001518495877957926,0.000015184958802186377,1.1243923958848162e-15
0.001375506484809581,0.0000159295687098858,0.000015929568733600304,1.2375890528075164e-15
0.0013865632252726484,0.00001671064669984275,0.000016710646724718803,1.3621782917129368e-15
0.0013977088431863258,0.00001752997586207812,0.00001752997588817253,1.499306308387094e-15
0.0014089440529746569,0.0000183894263000449,0.00001838942632741724,1.6502345796548577e-15
0.0014202695748044426,0.000019290959339082322,0.00001929095936779508,1.81635143629324e-15
0.0014316861346314054,0.00002023663196241766,0.00002023663199253637,1.9991848152485182e-15
0.00144319446424672,0.000021228601461978486,0.00002122860149357188,2.2004163060078537e-15
0.0014547953013239225,0.000022269130314358218,0.00002226913034749838,2.421896573032642e-15
0.0014664893894661933,0.000023360591292770514,0.000023360591327533038,2.6656623632045194e-15
0.0014782774782540222,0.000024505472826346442,0.00002450547286281062,2.933955193489241e-15
0.0014901603232932554,0.0000257063846186693,0.000025706384656918284,3.229241944664253e-15
0.0015021386862635287,0.00002696606353800951,0.0000269660635781305,3.554237485722787e-15
0.0015142133349670918,0.000028287379792316285,0.000028287379834400747,3.91192960512441e-15
0.0015263850433780226,0.000029673343402644122,0.000029673343446787966,4.305606430588348e-15
0.0015386545916918387,0.0000311271109893438,0.000031127111035647624,4.7388865898487255e-15
0.001551022766375507,0.00003265199288602963,0.00003265199293459892,5.2157524399483856e-15
0.0015634903602178558,0.00003425146059704787,0.00003425146064799325,5.740586558454905e-15
0.0015760581723803914,0.000035929154614919515,0.000035929154668357014,6.318211997121659e-15
0.0015887270084485243,0.000037688892615012363,0.000037688892671063644,6.953936487852244e-15
0.0016014976804832057,0.000039534678045516724,0.00003953467810430938,7.653601130413044e-15
0.0016143710070729807,0.000041470709131656886,0.000041470709193324734,8.423633955786557e-15
0.0016273478133864586,0.00004350138831396731,0.00004350138837865067,9.271108863020325e-15
0.001640428931225205,0.00004563133214140281,0.000045631332209248836,1.0203810479973663e-14
0.001653615199077061,0.00004786538164103528,0.00004786538171219828,1.1230305526448315e-14
0.0016669074621698879,0.00005020861318711791,0.000050208613261759704,1.236002132306612e-14
0.0016803065725257465,0.00005266634989337698,0.00005266634997166727,1.3603332198123748e-14
0.0016938133890155105,0.000055244173553516544,0.00005524417363563327,1.497165454596965e-14
0.0017074287774139197,0.00005794793715610327,0.00005794793724223304,1.6477551441525905e-14
0.0017211536104550752,0.00006078377800123175,0.00006078377809157024,1.8134847697117277e-14
0.0017349887678883805,0.00006375813144766372,0.00006375813154241613,1.9958756532670315e-14
0.0017489351365349336,0.00006687774532048642,0.0000668777454198679,2.19660189047707e-14
0.0017629936103443703,0.00007014969501074922,0.00007014969511498542,2.417505677574977e-14
0.0017771650904521666,0.00007358139930001891,0.0000735813994093464,2.6606141815625255e-14
0.0017914504852373997,0.00007718063694434113,0.00007718063705900798,2.928158096282115e-14
0.001805850710380975,0.00008095556405371687,0.00008095556417398322,3.222592062519055e-14
0.0018203666889243203,0.00008491473230489632,0.00008491473243103494,3.546617131051234e-14
0.0018349993513285497,0.00008906710802706557,0.00008906710815936245,3.9032054803799957e-14
0.0018497496355341148,0.00009342209220185938,0.00009342209234061442,4.295627608647629e-14
0.0018646184870209077,0.00009798954142105901,0.00009798954156658666,4.7274822513908517e-14
0.001879606858868883,0.00010277978984739086,0.00010277979000002083,5.202729297299248e-14
0.0018947157118191411,0.00010780367222592794,0.00010780367238600593,5.72572600133799e-14
0.0019099460143355122,0.00011307254799584219,0.00011307254816373069,6.301266822461552e-14
0.001925298742666634,0.00011859832655456355,0.0001185983267306426,6.93462725560649e-14
0.001940774880908526,0.00012439349372882872,0.0001243934939134968,7.631612050195165e-14
0.00195637542106768,0.00013047113950964662,0.00013047113970332156,8.398608259058775e-14
0.0019721013631246263,0.00013684498711083663,0.00013684498731395645,9.242643595162774e-14
0.0019879537150980513,0.00014352942341361273,0.00014352942362663671,1.017145063392338e-13
0.0020039334931094017,0.0001505395308625303,0.00015053953108594,1.1193537445849519e-13
0.002020041721448015,0.00015789112088118398,0.00015789112111548424,1.2318265287066531e-13
0.002036279432636787,0.00016560076887920075,0.00016560076912492086,1.355593407593627e-13
0.002052647667498334,0.00017368585092535706,0.00017368585118305197,1.4917876419321473e-13
0.002069147475221737,0.00018216458216517074,0.00018216458243542225,1.6416561036072314e-13
0.0020857799134297657,0.00019105605706484078,0.0001910560573482588,1.806570654236966e-13
0.002102546048246688,0.00020038029156728806,0.0002003802918645121,1.9880406620160466e-13
0.002119446954366613,0.00021015826724992125,0.00021015826756162173,2.1877267673122212e-13
0.0021364837151223513,0.00022041197757788808,0.00022041197790476777,2.407456029716701e-13
0.0021536574225548906,0.00023116447635094918,0.00023116447669374487,2.649238584479437e-13
0.002170969177483361,0.00024243992844648254,0.0002424399288059667,2.915285967667494e-13
0.002188420089575628,0.00025426366296598605,0.0002542636633429684,3.2080312711535967e-13
0.0022060112774193916,0.00026666222889719235,0.00026666222929252174,3.5301513129009666e-13
0.0022237438685939067,0.00027966345340919553,0.00027966345382376186,3.884591021610543e-13
0.002241618999742261,0.00029329650290322294,0.0002932965033379591,4.274590259937115e-13
0.0022596378166442103,0.00030759194694731897,0.00030759194740320283,4.703713322886088e-13
0.0022778014742896547,0.00032258182522911454,0.00032258182570717116,5.175881386985851e-13
0.0022961111369526385,0.0003382997176667925,0.0003382997181680965,5.69540819864349e-13
0.00231456797826601,0.00035478081782492954,0.00035478081835060724,6.267039323499906e-13
0.00233317318129663,0.0003720620097883304,0.00037206201033956264,6.895995318475507e-13
0.002351927938621205,0.00039018194865406115,0.00039018194923208554,7.588019209000348e-13
0.0023708334524027517,0.00040918114480907375,0.0004091811454151877,8.349428704490731e-13
0.002389890934467622,0.0004291020521682739,0.00042910205280383726,9.187173633691156e-13
0.002409101606383217,0.0004499891605559725,0.00044998916122241067,1.0108899088730664e-12
0.002428466699536247,0.0004718890924215988,0.0004718890931204059,1.1123014895862738e-12
0.0024479874552117034,0.0004948507040894441,0.0004948507048221861,1.2238771986150971e-12
0.0024676651246723974,0.0005189251917508276,0.0005189251925191459,1.3466346402376638e-12
0.0024875009692391634,0.0005441662024166577,0.0005441662032222727,1.481693167361303e-12
0.002507496260371736,0.0005706299500579981,0.0005706299509027129,1.6302840390050215e-12
0.00252765227975021,0.0005983753371722647,0.0005983753380579695,1.7937615916835642e-12
0.0025479703193572335,0.0006274640820235523,0.0006274640829522279,1.973615521696733e-12
0.002568451681560794,0.0006579608518162436,0.000657960852789966,2.1714843928422358e-12
0.002589097679197714,0.0006899334020728736,0.0006899334030938187,2.3891704887266623e-12
0.0026099096356578,0.0007234527224989778,0.0007234527235694261,2.628656143766492e-12
0.0026308888849686587,0.0007585931896301983,0.00075859319075254,2.8921216996414836e-12
0.0026520367718812343,0.0007954327265700178,0.0007954327277467576,3.18196525097596e-12
0.002673354651955977,0.0008340529701397846,0.0008340529713735476,3.500824353571249e-12
0.002694843891649749,0.0008745394457771184,0.0008745394470706555,3.851599893644791e-12
0.002716505868403406,0.0009169817505332024,0.0009169817518893971,4.237482330277449e-12
0.002738341970730105,0.000961473744534966,0.0009614737459568396,4.661980550458054e-12
0.0027603535983042795,0.0010081137512938693,0.0010081137527845883,5.1289535893390615e-12
0.0027825421620513748,0.0010570047672598716,0.0010570047688227542,5.642645504868381e-12
0.002804909084238298,0.0011082546810361896,0.001108254682674713,6.2077237186324475e-12
0.0028274557985645604,0.001161976502688382,0.00116197650440619,6.829321166860323e-12
0.002850183750254189,0.00121828860360026,0.0012182886054011713,7.513082634956464e-12
0.0028730943961483603,0.001277314967348233,0.0012773149692362493,8.265215697055395e-12
0.002896189204798795,0.0013391854520861666,0.0013391854540654806,9.092546708739523e-12
0.0029194696565618635,0.001404036064953563,0.0014040360670285687,1.0002582361688719e-11
0.002942937243693504,0.0014720092490421886,0.0014720092512174902,1.1003577341946007e-11
0.002966593470444858,0.0015432541834784297,0.0015432541857588512,1.210460870356732e-11
0.0029904398531586957,0.0016179270972027267,0.0016179270995933237,1.3315657613684713e-11
0.0030144779203666234,0.0016961915970517872,0.0016961915995578566,1.4647699205974576e-11
0.0030387092128870293,0.0017782190107745904,0.0017782190134016823,1.6112801341236218e-11
0.0030631352839238946,0.001864188745640265,0.0018641887483941946,1.7724233145481132e-11
0.0030877576991663056,0.001954288663322435,0.001954288666209296,1.949658431337418e-11
0.003112578036888844,0.0020487154717743154,0.002048715474800492,2.1445896213062756e-11
0.0031375978880527535,0.0021476751348375183,0.0021476751380097004,2.3589805981603517e-11
0.003162818856407887,0.0022513833003586017,0.0022513833036837978,2.594770487116872e-11
0.0031882425585955526,0.0023600657476197675,0.0023600657511053218,2.8540912270711175e-11
0.0032138706242520894,0.002473958854922018,0.0024739588585756234,3.1392866936580083e-11
0.0032397046961133756,0.0025933100881949246,0.002593310092024643,3.4529337126891413e-11
0.0032657464301200784,0.002718378511541021,0.0027183785155552973,3.797865151462684e-11
0.003291997495523831,0.0028494353206613187,0.0028494353248690023,4.1771952915566235e-11
0.003318459574994229,0.002986764400145337,0.002986764404555698,4.594347707088448e-11
0.0033451343647266573,0.003130662905649007,0.0031306629102717583,5.05308589656241e-11
0.0033720235745510626,0.0032814418720254045,0.0032814418768707214,5.557546938459652e-11
0.0033991289280414986,0.003439426848514015,0.0034394268535925575,6.112278467464553e-11
0.0034264521626266573,0.003604958562140205,0.003604958567463142,6.722279297169808e-11
0.003453995029701201,0.003778393610519709,0.0037783936160987416,7.393044049558721e-11
0.003481759294738027,0.003960105185311554,0.003960105191158939,8.130612183080936e-11
0.003509746737401465,0.004150483827610669,0.004150483833739249,8.941621850720883e-11
0.0035379591516613022,0.004349938216620674,0.0043499382230439,9.833369061829199e-11
0.00356639834590783,0.004558895993001107,0.004558895999733075,1.0813872671693334e-10
0.0035950661430677023,0.004777804618333962,0.0047778046253894365,1.1891945760628167e-10
0.0036239643807208406,0.0050071322722125946,0.005007132279607043,1.307727404191686e-10
0.0036530949112181816,0.005247368788509798,0.0052473687962594235,1.4380501974452363e-10
0.0036824596018004132,0.005499026632442893,0.0054990266405646705,1.5813327338270237e-10
0.0037120603347176985,0.005762641920113135,0.005762641928624848,1.7388605108200695e-10
0.0037418990073502722,0.0060387754822578315,0.006038775491178108,1.912046151928827e-10
0.0037719775323301155,0.006328013974020392,0.006328013983368748,2.1024419334897708e-10
0.0038022978376635133,0.0066309710326059,0.00663097104240278,2.3117535402592365e-10
0.003832861866854657,0.006948288484760765,0.006948288495027586,2.5418551701243986e-10
0.003863671579030221,0.007280637606082527,0.007280637616841724,2.794806119057221e-10
0.0038947289490649213,0.007628720434238131,0.007628720445513209,3.0728689913983016e-10
0.003926035967708143,0.007993271138243276,0.007993271150058856,3.3785296929601364e-10
0.003957594641711505,0.008375057446028457,0.008375057458410332,3.71451938149189e-10
0.003989406993957513,0.008774882132597576,0.008774882145572767,4.083838564002195e-10
0.004021475063589216,0.009193584571161558,0.009193584584758375,4.4897835506579736e-10
0.004053800906140921,0.00963204234971181,0.009632042363959904,4.935975493907184e-10
0.0040863865936699465,0.01009117295558068,0.01009117297051112,5.426392263268573e-10
0.004119234214889424,0.010571935530620325,0.010571935546265655,5.965403432965332e-10
0.004152345875302224,0.01107533269971963,0.011075332716113946,6.557808682373358e-10
0.004185723697335874,0.011602412475463283,0.011602412492642307,7.208879941121533e-10
0.004219369820478623,0.012154270241831293,0.012154270259832445,7.924407641783774e-10
0.004253286401416582,0.012732050819925348,0.012732050838787836,8.710751477350321e-10
0.00428747561417196,0.013336950618802761,0.013336950638567657,9.57489609934573e-10
0.004321939650242419,0.013970219874592736,0.013970219895303074,1.0524512235111072e-9
0.0043566807187415514,0.014633164981165589,0.014633165002866455,1.1568023746751872e-9
0.004391701046540474,0.015327150915722032,0.015327150938460666,1.2714681205043904e-9
0.004427002878410574,0.016053603762768046,0.01605360378659394,1.3974642609222659e-9
0.004462588477167393,0.016814013340039523,0.016814013365004536,1.53590619372972e-9
0.004498460123815679,0.0176099359300406,0.017609935956199065,1.6880186285301359e-9
0.004534620117695586,0.018442997120959627,0.01844299714836848,1.855146242002313e-9
0.00457107077663007,0.019314894760828042,0.01931489478954694,2.0387653648423066e-9
0.0046078144370734495,0.020227402028887096,0.020227402058978557,2.2404968000839267e-9
0.004644853454261179,0.021182370628229433,0.02118237065975896,2.462119880633237e-9
0.004682190202360813,0.02218173410388151,0.022181734136917756,2.705587885489867e-9
0.004719827074624186,0.023227511290593483,0.023227511325208384,2.973044944629131e-9
0.004757766483540824,0.024321809894701736,0.024321809930970696,3.266844574943098e-9
0.004796010860992577,0.02546683021452597,0.025466830252527998,3.5895700035397077e-9
0.004834562658409503,0.026664869003859018,0.026664869043676934,3.944056448972843e-9
0.004873424346927002,0.027918323483200946,0.027918323524921556,4.333415547306013e-9
0.004912598417544216,0.029229695503479577,0.029229695547193867,4.761062128082654e-9
0.004952087381283693,0.030601595867087317,0.03060159591289065,5.2307435631592755e-9
0.00499189376935235,0.03203674881114893,0.03203674885914129,5.746571934408227e-9
0.005032020133303715,0.0335379966580137,0.0335379967082999,6.313059287389437e-9
0.005072469045201481,0.0351083046380415,0.03510830469073141,6.9351562650447625e-9
0.0051132430977843734,0.03675076588982146,0.036750765945030274,7.618294441033949e-9
0.005154344904632343,0.03846860664302495,0.03846860670087347,8.36843270469935e-9
0.00519577710033409,0.040265191589151345,0.040265191649766226,9.192108080066041e-9
0.005237542340655945,0.0421440294454735,0.04214402950898756,1.0096491399031313e-8
0.005279643302712097,0.04410877871752938,0.04410877878408189,1.108944828694371e-8
0.005322082685136194,0.04616325366553589,0.04616325373527294,1.2179605961768123e-8
0.005364863208254325,0.04831143048012221,0.048311430553197005,1.3376426395115955e-8
0.005407987614259389,0.05055745367278448,0.05055745374935774,1.469028643326972e-8
0.005451458667386867,0.05290564268646126,0.05290564276670155,1.613256553330326e-8
0.00549527915409201,0.055360498731607616,0.05536049881569181,1.7715741828158504e-8
0.005539451883228442,0.05792671185311109,0.05792671194122474,1.945349730277828e-8
0.005583979686228212,0.060609168233341275,0.06060916832567909,2.1360832934128555e-8
0.00562886541728328,0.06341295773655325,0.06341295783331956,2.3454194725629057e-8
0.005674111953528474,0.06634338169977556,0.06634338180118476,2.5751611655025166e-8
0.0057197221952259075,0.06940596097520031,0.06940596108147747,2.827284664623835e-8
0.005765699065950885,0.0726064442289576,0.07260644434033892,3.103956177629131e-8
0.005812045512779301,0.07595081650099553,0.07595081661772903,3.407549904318029e-8
0.0058587645064765445,0.07944530803059865,0.07944530815294468,3.740667813710036e-8
0.005905859041687921,0.08309640335185794,0.08309640348008986,4.10616127935841e-8
0.00595333213713061,0.08691085066315901,0.0869108507975639,4.507154744477107e-8
0.006001186835787159,0.0908956714744669,0.09089567161534627,4.9470716047330225e-8
0.006049426205100536,0.09505817053586968,0.09505817068354022,5.4296625132417576e-8
0.006098053337170752,0.09940594605047955,0.09940594620527393,5.959036330460037e-8
0.006147071348953061,0.10394690017439062,0.10394690033665836,6.53969396275446e-8
0.006196483382457753,0.10868924980594524,0.10868924997605364,7.17656535403956e-8
0.006246292604951553,0.11364153766606565,0.11364153784440062,7.875049919901094e-8
0.006296502209160643,0.11881264367086244,0.11881264385782966,8.641060738662138e-8
0.006347115413475312,0.12421179659713125,0.12421179679315712,9.481072842146973e-8
0.006398135462156249,0.12984858604068908,0.12984858624622192,1.0402175980144758e-7
0.006449565625542504,0.13573297466678552,0.13573297488229671,1.1412132264454393e-7
0.006501409200261103,0.14187531075103277,0.14187531097701808,1.2519439135981128e-7
0.006553669509438371,0.148286341008451,0.14828634124543183,1.3733398136431217e-7
0.006606349902912931,0.1549772237072889,0.1549772239558137,1.506419000902266e-7
0.006659453757450432,0.16195954206327895,0.16195954232392487,1.6522956699179638e-7
0.006712984476959997,0.1692453179088961,0.16924531818227037,1.8121890875335932e-7
0.006766945492712402,0.1768470256310091,0.17684702591775084,1.987433364544695e-7
0.006821340263560031,0.18477760636905194,0.18477760666983392,2.1794881202832512e-7
0.006876172276158572,0.19305048246447062,0.19305048278000111,2.389950119868891e-7
0.0069314450451905185,0.20167957215073945,0.20167957248176419,2.620565970888548e-7
0.00698716211359045,0.210679304471661,0.21067930481896546,2.8732459736210617e-7
0.007043327052772131,0.22006463441397875,0.22006463477839022,3.150079227131583e-7
0.0070999434628574625,0.22985105823853177,0.22985105862092187,3.453350102291319e-7
0.007157014972907183,0.24005462899221824,0.24005462939350533,3.78555620230133e-7
0.0072145452411535565,0.25069197218103917,0.2506919726021911,4.1494279415194205e-7
0.007272537955234825,0.2617803015822131,0.26178030202425007,4.5479498846876476e-7
0.00733099683243159,0.27333743517107717,0.2733374356350748,4.984384000314388e-7
0.00738992561990509,0.28538181113597316,0.2853818116230654,5.462294995349004e-7
0.007449328094937379,0.2979325039516707,0.29793250446305375,5.98557791193712e-7
0.0075092080651734845,0.3110092404790981,0.31100924101603344,6.558488182410698e-7
0.007569569368865404,0.32463241605612286,0.32463241661994147,7.185674354889934e-7
0.007630415875118201,0.33882311054106745,0.33882311113317387,7.872213719396189e-7
0.00769175148413798,0.3536031042672134,0.3536031048890898,8.623651083403022e-7
0.007753580127481881,0.36899489386310125,0.3689948945163121,9.446040966291648e-7
0.007815905768310134,0.38502170788971474,0.385021708575912,1.0345993503930203e-6
0.00787873240164,0.40170752224166706,0.4017075229625948,1.133072437837965e-6
0.007942064054601973,0.4190770752555284,0.41907707601302874,1.240810911331386e-6
0.008005904786697793,0.43715588246390524,0.4371558832599239,1.3586742102900896e-6
0.008070258690060741,0.4559702509295651,0.45597025176615774,1.4876000771355576e-6
0.008135129889717912,0.4755472930889436,0.47554729396828227,1.6286115292194255e-6
0.008200522543854612,0.49591494002948666,0.49591494095386696,1.782824432926566e-6
0.008266440844080944,0.5171019541200396,0.5171019550918879,1.9514557299586017e-6
0.008332889015700392,0.5391379409079656,0.539137941929847,2.1358323694646496e-6
0.008399871317980784,0.5620533601911393,0.5620533612657658,2.3374010040767447e-6
0.008467392044427185,0.5858795361667761,0.5858795372970159,2.5577385122278388e-6
0.008535455523057182,0.6106486665531596,0.610648667742046,2.7985634138993338e-6
0.00860406611667832,0.6363938305736813,0.6363938318244229,3.0617482521515193e-6
0.008673228223167654,0.6631489956859971,0.6631489970019885,3.3493330180705604e-6
0.008742946275753793,0.6909490229323575,0.6909490243171905,3.6635397026743695e-6
0.008813224743300908,0.7198296707796751,0.7198296722371506,4.0067880654429115e-6
0.008884068130595337,0.7498275973109538,0.7498275988450945,4.381712715731429e-6
0.008955480978634226,0.7809803606216376,0.7809803622367013,4.791181610274856e-6
0.009027467864916618,0.8133264172669641,0.813326418967458,5.23831607750033e-6
0.009100033403736956,0.8469051185982145,0.8469051203889107,5.726512487054003e-6
0.009173182246480711,0.8817567048173672,0.8817567067033183,6.259465691619501e-6
0.00924691908192268,0.9179222965715953,0.9179222985581512,6.841194376454283e-6
0.009321248636527394,0.9554438838999576,0.9554438859927842,7.476068461921826e-6
0.009396175674752205,0.994364312336376,0.9943643145414737,8.168838713738914e-6
0.009471704999352603,1.034727265963629,1.0347272682873534,8.924668726218123e-6
0.009547841451690058,1.0765772472044415,1.0765772496535237,9.749169454716629e-6
0.00962458991204245,1.1199595531265747,1.1199595557081456,0.000010648436484806263
0.00970195529991674,1.1649202480294654,1.1649202507510787,0.00001162909023794085
0.009779942574364459,1.2115061320713194,1.2115061349409768,0.000012698319325646179
0.009858556734299459,1.2597647056858619,1.2597647087120407,0.000013863927277771792
0.009937802818818401,1.3097441295294352,1.309744132721116,0.000015134382883524068
0.01001768590752375,1.3614931796898826,1.3614931830565793,0.000016518874398774266
0.010098211120849326,1.4150611978800147,1.4150612014318071,0.000018027367887198483
0.010179383620388623,1.4704980363301088,1.4704980400776748,0.00001967066997862603
0.010261208609225518,1.5278539970852612,1.527854001039913,0.000021460495342980407
0.010343691332267936,1.5871797654062296,1.5871797695799508,0.000023409539194894367
0.010426837076583938,1.648526336964275,1.6485263413697597,0.000025531555159732072
0.01051065117174062,1.7119449385142589,1.711944943164953,0.00002784143884910526
0.010595138990145832,1.7774869417238182,1.7774869466339631,0.00003035531751007915
0.010680305947392398,1.8452037698306147,1.8452037750152945,0.00003309064612984843
0.0107661575026054,1.9151467967957143,1.9151468022709022,0.00003606631039397079
0.010852699158791989,1.9873672386165042,1.9873672443991142,0.00003930273691320758
0.010939936463194173,2.0619160364607,2.061916042568641,0.00004282201115041745
0.011027875007644398,2.138843731280991,2.138843737733222,0.000046648003494355085
0.011116520428923917,2.2182003295698873,2.218200336386477,0.000050806503942813295
0.011205878409124214,2.300035159915901,2.300035167118088,0.00005532536587126468
0.01129595467601112,2.384396720024623,2.3843967276348836,0.00006023465937578449
0.011386755003391995,2.4713325138737394,2.4713325219158526,0.00006556683469070439
0.011478285211485828,2.560888878677302,2.560888887176421,0.00007135689619023141
0.011570551167296304,2.6531108013437392,2.6531108103264662,0.000077642587490208
0.01166355878498788,2.7480417241234134,2.7480417336178777,0.00008446458817026973
0.011757314026264823,2.8457233391553296,2.8457233491912652,0.00009186672263739908
0.011851822900753472,2.946195371639639,2.9461953822484728,0.00009989618164873083
0.011947091466387323,3.049495351381633,3.049495362596569,0.00010860375700319542
0.0120431258297954,3.15565837247673,3.155658384332843,0.0001180440898998644
0.012139932146693675,3.2647168409317837,3.264716853466111,0.00012827593344052975
0.012237516622279643,3.376700210048553,3.3767002233001953,0.00013936242972977
0.012335885511630063,3.491634703429325,3.4916347174395455,0.0001513714019908476
0.01243504512010191,3.6095430255032137,3.6095430403155446,0.00016437566207523117
0.012535001803736545,3.7304440595146393,3.7304440751749888,0.0001784533336897509
0.01263576196966712,3.8543525529633844,3.8543525695201497,0.00019368819160395906
0.012737332076529282,3.9812787905386013,3.9812788080427817,0.00021017001702339797
0.012839718634875158,4.111228254647395,4.111228273152712,0.00022799496922612742
0.012942928207590677,4.244201273702689,4.244201293265704,0.0002472659734548549
0.01304696741031625,4.380192658404943,4.380192679085182,0.00026809312493590825
0.013151842911870815,4.519191326328443,4.519191348188524,0.00029059410875529766
0.01325756143467932,4.661179915205549,4.661179938311309,0.0003148946351627566
0.013364129755203605,4.8061343853915535,4.806134409812175,0.000341128889689139
0.01347155470437678,4.95402361208923,4.954023637897376,0.0003694399972573682
0.013579843168041077,5.104808968015685,5.104808995287626,0.0003999804992285051
0.013689002087389228,5.258443897305039,5.2584439261207905,0.0004329128420640758
0.013799038459409389,5.414873481559174,5.414873512002626,0.00046840987598621383
0.013909959337333635,5.574033999085015,5.57403403124406,0.0005066553616886015
0.014021771831090078,5.735852478491154,5.73585251245782,0.0005478444827845182
0.014134483107758595,5.900246247958763,5.900246283829338,0.0005921843612679568
0.014248100392030236,6.067122481652067,6.067122519527222,0.0006398945728169831
0.014362630966670321,6.236377744891799,6.236377784876708,0.000691207658273393
0.01447808217298526,6.4078975398812945,6.407897582085743,0.0007463696270865179
0.014594461411293119,6.581555853948816,6.581555898487315,0.000805640447919461
0.014711776141397978,6.757214712451308,6.75721475944318,0.0008692945209627974
0.014830033883068095,6.934723738673653,6.934723788243129,0.0009376211258030721
0.014949242216517921,7.113919723253311,7.113919775529602,0.0010109248379249888
0.01506940878289398,7.294626205862537,7.294626260979901,0.0010895259061074062
0.015190541284764656,7.476653072088549,7.476653130186335,0.0011737605820835914
0.015312647486613937,7.659796168665422,7.659796229888102,0.0012639813928914286
0.01543573521533909,7.8438369404291715,7.8438370049263515,0.001360557345319476
0.015559812360752373,8.02854209258883,8.028542160515242,0.0014638740507797784
0.01568488687608676,8.213663282129673,8.213663353645138,0.001574333757793499
0.015810966778505738,8.39893684238949,8.398936917658858,0.0016923552780670696
0.015938060149617194,8.584083545072957,8.584083624266015,0.0018183737908746484
0.016066175135991442,8.768808404191521,8.768808487482866,0.00195284050913638
0.016195319949683422,8.952800526634805,8.952800614203692,0.0020962221892074414
0.016325502868759063,9.135733014292335,9.135733106322473,0.0022490004649800047
0.01645673223782592,9.317262922849535,9.317263019528845,0.002411670985445569
0.01658901646856804,9.497031282576476,9.497031384096804,0.002584742333385124
0.01672236404028516,9.674663186609827,9.674663293166605,0.0027687347013808823
0.016856783500436203,9.849767952394329,9.849768064186183,0.00296417829985166
0.016992283465187163,10.021939362097564,10.021939479325868,0.003171611470373265
0.01712887261996347,10.190755987936788,10.190756110805145,0.003391578476139695
0.017266559720006545,10.355781608455583,10.355781737169254,0.0036246269400999325
0.01740535359093518,10.516565721859125,10.516565856624373,0.003871304900089767
0.017545263129311168,10.672644162551746,10.672644303575115,0.004132157449217315
0.017686297303209555,10.823539827020337,10.823539974507854,0.00440772292887547
0.01782846515279358,10.968763515163067,10.968763669319355,0.00469852864111692
0.01797177579089395,11.107814893072026,11.107815054099328,0.005005086046776329
0.018116238403593214,11.24018358313725,11.240183751234373,0.0053278854157208745
0.018261862250814345,11.365350387138697,11.365350562499849,0.005667389896028095
0.018408656666914457,11.482788647733507,11.482788830547047,0.006024028969807424
0.018556631061283062,11.591965753415867,11.59196594386295,0.006398191264868856
0.018705794918945192,11.692344791626496,11.692344989879617,0.0067902166936045
0.01885615780116948,11.783386354209313,11.783386560430737,0.007200387893390922
0.019007729346080814,11.8645504988497,11.864550713189804,0.007628920946633575
0.019160519269278423,11.935298869478052,11.93529909207354,0.00807595536340034
0.019314537364458352,11.995096977875482,11.995097208847513,0.008541543315555252
0.019469793504041415,12.043416647875336,12.043416887327535,0.009025638118531028
0.019626297639806018,12.0797386226049,12.079738870621265,0.00952808196554489
0.01978405980352585,12.103555334156063,12.103555590798791,0.010048592929295216
0.019943090107613217,12.114373833905887,12.114374099213084,0.010586751258189928
0.020103398745766925,12.111718880424695,12.11171915440802,0.011141985008054103
0.02026499599362599,12.095136180509392,12.095136463151608,0.011713555066319688
0.020427892209428013,12.064195777359785,12.064196068612258,0.012300539644012837
0.020592097834673317,12.018495578276246,12.018495878056376,0.012901818331682243
0.020757623394794266,11.957665012497861,11.957665320686488,0.013516055838912104
0.020924479499829698,11.881368807923288,11.881369124362068,0.014141685563419106
0.02109267684510535,11.789310873464018,11.789311197952804,0.014776893165192581
0.02126222621191909,11.681238271678227,11.681238603972467,0.015419600353765679
0.021433138468232266,11.556945264125922,11.556945603934121,0.016067449132787886
0.02160542456936618,11.416277409585286,11.416277756566528,0.016717786785655633
0.021779095558704265,11.259135692881694,11.259136046643297,0.017367651929211723
0.02195416256840019,11.085480659620853,11.085481019716159,0.01801376200950998
0.022130636820091094,10.89533652960042,10.895336895526789,0.018652502664409376
0.022308529625617215,10.68879525911443,10.688795630311464,0.01927991943230051
0.02248785238774672,10.466020519789188,10.466020895637236,0.019891712344492416
0.02266861660090672,10.227251559012517,10.22725193883154,0.02048323400057558
0.02285083385192007,9.97280690447463,9.972807287523429,0.0210494917911845
0.023034515820747933,9.703087872852333,9.703088258328266,0.02158515500066852
0.02321967428123874,9.418581840272523,9.418582227311736,0.02208456759283862
0.0234063211018825,9.119865229925505,9.119865617603743,0.022541767555551966
0.02359446824657194,8.807606170092903,8.807606557427007,0.022950513753762485
0.023784127775369104,8.482566773965177,8.482567159915318,0.02330432131488522
0.023975311845278516,8.145604990978825,8.145605374451554,0.023596506643804315
0.024168032711026438,7.797675978065673,7.797676357917894,0.02382024323636793
0.02436230272584625,7.43983293821754,7.439833313261457,0.023968629528209454
0.024558134342270544,7.073227373184838,7.073227742193994,0.02403477007850375
0.024755540112929065,6.699108697006763,6.69910905872324,0.02401187144378071
0.02495453269135344,6.3188231574604625,6.318823510603322,0.023893354142917468
0.025155124832788252,5.933812013486721,5.933812356761803,0.023672982148320705
0.02535732939500862,5.545608918248804,5.545609250359919,0.02334501135721277
0.02556115933914441,5.155836459772024,5.1558367794336615,0.022904358497663292
0.025766627730510895,4.76620181414995,4.766202120101545,0.02234679190301562
0.025973747739446492,4.3784914701412285,4.378491761163068,0.021669145541819264
0.02618253264215671,3.9945649886759584,3.99456526360677,0.020869557614136912
0.02639299582156527,3.616347766378879,3.616348024135158,0.01994773491466181
0.026605150768171913,3.245822778751401,3.2458230183485006,0.018905244013755183
0.02681901108091713,2.8850212861597004,2.8850215067346947,0.017745830114291056
0.027034590468053846,2.536012494281919,2.53601269511824,0.01647576419991282
0.027251902748026094,2.2008921701873443,2.2008923507411624,0.015104218793662008
0.02747096185035478,1.8817702257568496,1.8817703856851513,0.0136436722895807
0.027691781816530547,1.5807572916963815,1.5807574308866565,0.012110341398511549
0.02791437680091381,1.2999503179168699,1.2999504365183094,0.010524640757785437
0.028138761071642055,1.041417249511351,1.0414173479674083,0.008911668187958991
0.028364949011544408,0.807180841889996,0.8071809209721321,0.007301713433895497
0.02859295511906356,0.5992016937526017,0.5992017545950005,0.005730787498560972
0.028822794009185103,0.4193605923799247,0.4193606365149151,0.00424116886312566
0.029054480414374338,0.26944028207973286,0.26944031147361625,0.002881961984617481
0.029288029185520613,0.15110678337577566,0.15110680046470576,0.001709662472178516
0.02952345529288925,0.06589040749637627,0.06589041522189422,0.0007887222663195557
0.02976077382708114,0.015166627696019286,0.015166629539792795,0.00019210698588068608
0.030000000000000013,0.00013698569258128608,0.00013698570984944976,1.8363704799652337e-6
