5.000000000000010e-05,3.713305852452675e-14,3.713305857999545e-14,-5.586512991122890e-26
5.040191524304593e-05,3.896034894004656e-14,3.896034899824483e-14,-4.902940805790383e-26
5.080706120334362e-05,4.087755882251335e-14,4.087755888357551e-14,-4.240683981023201e-26
5.121546385038335e-05,4.288911302567777e-14,4.288911308974474e-14,-3.599764782555502e-26
5.162714936240599e-05,4.499965414560815e-14,4.499965421282781e-14,-2.980189105201489e-26
5.204214412808109e-05,4.721405323551471e-14,4.721405330604220e-14,-2.381945730302926e-26
5.246047474819838e-05,4.953742104783377e-14,4.953742112183185e-14,-1.805005558988301e-26
5.288216803737281e-05,5.197511982951742e-14,5.197511990715688e-14,-1.249320820551505e-26
5.330725102576345e-05,5.453277569775152e-14,5.453277577921156e-14,-7.148242552402474e-27
5.373575096080594e-05,5.721629162466254e-14,5.721629171013115e-14,-2.014282707246670e-27
5.416769530895920e-05,6.003186106098191e-14,6.003186115065636e-14,2.909759285025275e-27
5.460311175746586e-05,6.298598223010822e-14,6.298598232419547e-14,7.625192395629444e-27
5.504202821612708e-05,6.608547312555760e-14,6.608547322427481e-14,1.213355588255938e-26
5.548447281909149e-05,6.933748724641335e-14,6.933748734998834e-14,1.643662885558544e-26
5.593047392665859e-05,7.274953010709123e-14,7.274953021576304e-14,2.053644014394045e-26
5.638006012709663e-05,7.632947655952232e-14,7.632947667354178e-14,2.443527847523085e-26
5.683326023847505e-05,8.008558896773094e-14,8.008558908736119e-14,2.813570297433799e-26
5.729010331051172e-05,8.402653627675256e-14,8.402653640226972e-14,3.164055399131491e-26
5.775061862643503e-05,8.816141401989947e-14,8.816141415159321e-14,3.495296426751099e-26
5.821483570486085e-05,9.249976531054901e-14,9.249976544872329e-14,3.807637044941346e-26
5.868278430168471e-05,9.705160286690038e-14,9.705160301187407e-14,4.101452495993843e-26
5.915449441198906e-05,1.018274321205295e-13,1.018274322726372e-13,4.377150823716463e-26
5.962999627196602e-05,1.068382754620747e-13,1.068382756216674e-13,4.635174135076866e-26
6.010932036085541e-05,1.120956976800065e-13,1.120956978474526e-13,4.875999900668806e-26
6.059249740289848e-05,1.176118326511928e-13,1.176118328268789e-13,5.100142295082047e-26
6.107955836930728e-05,1.233994113448565e-13,1.233994115291879e-13,5.308153578285027e-26
6.157053448024993e-05,1.294717912045527e-13,1.294717913979549e-13,5.500625519158686e-26
6.206545720685176e-05,1.358429869759786e-13,1.358429871788979e-13,5.678190862349889e-26
6.256435827321262e-05,1.425277030517578e-13,1.425277032646625e-13,5.841524839643727e-26
6.306726965844032e-05,1.495413674078475e-13,1.495413676312291e-13,5.991346727085321e-26
6.357422359870051e-05,1.569001672098892e-13,1.569001674442632e-13,6.128421449114384e-26
6.408525258928294e-05,1.646210861716752e-13,1.646210864175824e-13,6.253561231008773e-26
6.460038938668445e-05,1.727219437519482e-13,1.727219440099563e-13,6.367627300967390e-26
6.511966701070855e-05,1.812214362799942e-13,1.812214365506986e-13,6.471531643197689e-26
6.564311874658201e-05,1.901391801049396e-13,1.901391803889651e-13,6.566238803408814e-26
6.617077814708839e-05,1.994957568683326e-13,1.994957571663347e-13,6.652767748148104e-26
6.670267903471877e-05,2.093127610044917e-13,2.093127613171581e-13,6.732193779456411e-26
6.723885550383972e-05,2.196128495782421e-13,2.196128499062946e-13,6.805650506356108e-26
6.777934192287871e-05,2.304197945750564e-13,2.304197949192520e-13,6.874331874725456e-26
6.832417293652712e-05,2.417585377642778e-13,2.417585381254109e-13,6.939494257153446e-26
6.887338346796092e-05,2.536552482620364e-13,2.536552486409404e-13,7.002458604410889e-26
6.942700872107921e-05,2.661373829267061e-13,2.661373833242556e-13,7.064612660216225e-26
6.998508418276077e-05,2.792337497262808e-13,2.792337501433933e-13,7.127413241018294e-26
7.054764562513872e-05,2.929745742239102e-13,2.929745746615484e-13,7.192388582563160e-26
7.111472910789351e-05,3.073915693350312e-13,3.073915697942049e-13,7.261140755058109e-26
7.168637098056427e-05,3.225180085170778e-13,3.225180089988470e-13,7.335348148793152e-26
7.226260788487881e-05,3.383888025606808e-13,3.383888030661573e-13,7.416768032128720e-26
7.284347675710235e-05,3.550405801595702e-13,3.550405806899206e-13,7.507239183807859e-26
7.342901483040504e-05,3.725117724451201e-13,3.725117730015684e-13,7.608684601602113e-26
7.401925963724860e-05,3.908427016806256e-13,3.908427022644561e-13,7.723114289352418e-26
7.461424901179216e-05,4.100756743199985e-13,4.100756749325586e-13,7.852628124519887e-26
7.521402109231729e-05,4.302550786456336e-13,4.302550792883371e-13,7.999418808416028e-26
7.581861432367277e-05,4.514274872107839e-13,4.514274878851140e-13,8.165774901338447e-26
7.642806745973872e-05,4.736417643228447e-13,4.736417650303578e-13,8.354083944895403e-26
7.704241956591079e-05,4.969491788156048e-13,4.969491795579336e-13,8.566835673862012e-26
7.766171002160424e-05,5.214035223707080e-13,5.214035231495659e-13,8.806625319971236e-26
7.828597852277801e-05,5.470612336613834e-13,5.470612344785679e-13,9.076157010105082e-26
7.891526508447928e-05,5.739815286049430e-13,5.739815294623401e-13,9.378247261415142e-26
7.954961004340837e-05,6.022265370246294e-13,6.022265379242180e-13,9.715828575966818e-26
8.018905406050434e-05,6.318614460362028e-13,6.318614469800589e-13,1.009195313756869e-25
8.083363812355121e-05,6.629546504901543e-13,6.629546514804564e-13,1.050979661351697e-25
8.148340354980533e-05,6.955779108167411e-13,6.955779118557746e-13,1.097266206405553e-25
8.213839198864377e-05,7.298065186380995e-13,7.298065197282625e-13,1.148398396242418e-25
8.279864542423396e-05,7.657194705296207e-13,7.657194716734291e-13,1.204733232844157e-25
8.346420617822491e-05,8.033996503315944e-13,8.033996515316881e-13,1.266641697864547e-25
8.413511691245988e-05,8.429340204318268e-13,8.429340216909755e-13,1.334509189609025e-25
8.481142063171110e-05,8.844138224606855e-13,8.844138237817950e-13,1.408735972298201e-25
8.549316068643625e-05,9.279347878616833e-13,9.279347892478027e-13,1.489737637941254e-25
8.618038077555715e-05,9.735973588235656e-13,9.735973602778939e-13,1.577945581153786e-25
8.687312494926097e-05,1.021506920083736e-12,1.021506921609629e-12,1.673807487263289e-25
8.757143761182364e-05,1.071774042137943e-12,1.071774043738924e-12,1.777787834054117e-25
8.827536352445623e-05,1.124514736417500e-12,1.124514738097262e-12,1.890368407513005e-25
8.898494780817405e-05,1.179850723022889e-12,1.179850724785311e-12,2.012048831945315e-25
8.970023594668892e-05,1.237909711631607e-12,1.237909713480755e-12,2.143347114841752e-25
9.042127378932457e-05,1.298825696228490e-12,1.298825698168631e-12,2.284800206884992e-25
9.114810755395557e-05,1.362739264338655e-12,1.362739266374268e-12,2.436964577495636e-25
9.188078382996989e-05,1.429797921476684e-12,1.429797923612466e-12,2.600416806327149e-25
9.261934958125518e-05,1.500156431560738e-12,1.500156433801618e-12,2.775754191129879e-25
9.336385214920913e-05,1.573977174077190e-12,1.573977176428341e-12,2.963595372415032e-25
9.411433925577403e-05,1.651430518819972e-12,1.651430521286819e-12,3.164580975360492e-25
9.487085900649567e-05,1.732695219069396e-12,1.732695221657632e-12,3.379374269411616e-25
9.563345989360693e-05,1.817958824117790e-12,1.817958826833390e-12,3.608661846041788e-25
9.640219079913600e-05,1.907418112093873e-12,1.907418114943103e-12,3.853154315149275e-25
9.717710099803971e-05,2.001279544084686e-12,2.001279547074121e-12,4.113587020579177e-25
9.795824016136204e-05,2.099759740603027e-12,2.099759743739567e-12,4.390720775271726e-25
9.874565835941797e-05,2.203085981499873e-12,2.203085984790757e-12,4.685342616550836e-25
9.953940606500291e-05,2.311496730475403e-12,2.311496733928227e-12,4.998266582080109e-25
1.003395341566279e-04,2.425242185398977e-12,2.425242189021707e-12,5.330334507026715e-25
1.011460939217812e-04,2.544584855708058e-12,2.544584859509056e-12,5.682416842987711e-25
1.019591370602154e-04,2.669800168218285e-12,2.669800172206323e-12,6.055413499246556e-25
1.027787156872614e-04,2.801177102742900e-12,2.801177106927182e-12,6.450254706943474e-25
1.036048823371691e-04,2.939018858988111e-12,2.939018863378294e-12,6.867901906756808e-25
1.044376899664747e-04,3.083643556263331e-12,3.083643560869547e-12,7.309348660708356e-25
1.052771919573951e-04,3.235384967620941e-12,3.235384972453820e-12,7.775621588721191e-25
1.061234421212499e-04,3.394593290119625e-12,3.394593295190321e-12,8.267781330574333e-25
1.069764947019104e-04,3.561635952988717e-12,3.561635958308932e-12,8.786923533915007e-25
1.078364043792765e-04,3.736898465558390e-12,3.736898471140403e-12,9.334179869006034e-25
1.087032262727823e-04,3.920785306912389e-12,3.920785312769082e-12,9.910719070903141e-25
1.095770159449281e-04,4.113720859316121e-12,4.113720865461010e-12,1.051774800977443e-24
1.104578294048430e-04,4.316150387574057e-12,4.316150394021324e-12,1.115651279009242e-24
1.113457231118742e-04,4.528541066576334e-12,4.528541073340857e-12,1.182829987944779e-24
1.122407539792067e-04,4.751383059405576e-12,4.751383066502967e-12,1.253443726775229e-24
1.131429793775107e-04,4.985190648491679e-12,4.985190655938318e-12,1.327629565761851e-24
1.140524571386195e-04,5.230503422424740e-12,5.230503430237813e-12,1.405534402517487e-24
1.149692455592364e-04,5.487887521164572e-12,5.487887529362108e-12,1.487424557384903e-24
1.158934034046711e-04,5.757936942520190e-12,5.757936951121110e-12,1.573686559269589e-24
1.168249899126071e-04,6.041274912913845e-12,6.041274921937998e-12,1.664727423115579e-24
1.177640647968981e-04,6.338555325592631e-12,6.338555335060842e-12,1.760971020870790e-24
1.187106882513964e-04,6.650464249606231e-12,6.650464259540351e-12,1.862858620604732e-24
1.196649209538103e-04,6.977721513032670e-12,6.977721523455626e-12,1.970849440955653e-24
1.206268240695946e-04,7.321082364105294e-12,7.321082375041138e-12,2.085421221316781e-24
1.215964592558701e-04,7.681339214073790e-12,7.681339225547763e-12,2.207070808181834e-24
1.225738886653768e-04,8.059323465820877e-12,8.059323477859457e-12,2.336314758080860e-24
1.235591749504572e-04,8.455907432453890e-12,8.455907445084861e-12,2.473689957548527e-24
1.245523812670723e-04,8.872006350298262e-12,8.872006363550770e-12,2.619754260578394e-24
1.255535712788502e-04,9.308580490937609e-12,9.308580504842240e-12,2.775087144028345e-24
1.265628091611664e-04,9.766637377173720e-12,9.766637391762565e-12,2.940290381454356e-24
1.275801596052579e-04,1.024723410801943e-11,1.024723412332615e-11,3.115988735862020e-24
1.286056878223694e-04,1.075147979808888e-11,1.075147981414880e-11,3.302830671877794e-24
1.296394595479334e-04,1.128053813701382e-11,1.128053815386402e-11,3.501489087854923e-24
1.306815410457842e-04,1.183563007479132e-11,1.183563009247067e-11,3.712696958794632e-24
1.317319991124047e-04,1.241803663925852e-11,1.241803665780782e-11,3.937442782740486e-24
1.327909010812082e-04,1.302910189219584e-11,1.302910191165790e-11,4.176846181452160e-24
1.338583148268547e-04,1.367023603087861e-11,1.367023605129835e-11,4.432072252619223e-24
1.349343087696016e-04,1.434291864223366e-11,1.434291866365820e-11,4.704332779671650e-24
1.360189518796887e-04,1.504870211710885e-11,1.504870213958764e-11,4.994887705748496e-24
1.371123136817600e-04,1.578921523253346e-11,1.578921525611836e-11,5.305046649313761e-24
1.382144642593196e-04,1.656616691023417e-11,1.656616693497961e-11,5.636170462528374e-24
1.393254742592243e-04,1.738135016007889e-11,1.738135018604199e-11,5.989672833516062e-24
1.404454148962118e-04,1.823664621754640e-11,1.823664624478706e-11,6.367021933689733e-24
1.415743579574655e-04,1.913402888476815e-11,1.913402891334924e-11,6.769742111335449e-24
1.427123758072161e-04,2.007556908515762e-11,2.007556911514510e-11,7.199415632681391e-24
1.438595413913802e-04,2.106343964213583e-11,2.106343967359890e-11,7.657684471711128e-24
1.450159282422358e-04,2.209992029297810e-11,2.209992032598937e-11,8.146252150012500e-24
1.461816104831357e-04,2.318740294935002e-11,2.318740298398568e-11,8.666886300683424e-24
1.473566628332589e-04,2.432839721666936e-11,2.432839725300932e-11,9.221852842380783e-24
1.485411606124000e-04,2.552553618502766e-11,2.552553622315579e-11,9.814694652589876e-24
1.497351797457967e-04,2.678158250503207e-11,2.678158254503637e-11,1.044930543714260e-23
1.509387967689977e-04,2.809943476258556e-11,2.809943480455834e-11,1.112974227659879e-23
1.521520888327669e-04,2.948213416730997e-11,2.948213421134809e-11,1.186023087368269e-23
1.533751337080298e-04,3.093287157004748e-11,3.093287161625255e-11,1.264517095021667e-23
1.546080097908589e-04,3.245499482562632e-11,3.245499487410499e-11,1.348914179754947e-23
1.558507961074975e-04,3.405201651787613e-11,3.405201656874026e-11,1.439690798458026e-23
1.571035723194259e-04,3.572762206472017e-11,3.572762211808715e-11,1.537342522758961e-23
1.583664187284686e-04,3.748567822203787e-11,3.748567827803085e-11,1.642384642619102e-23
1.596394162819396e-04,3.933024200591659e-11,3.933024206466477e-11,1.755352786983068e-23
1.609226465778326e-04,4.126557005387919e-11,4.126557011551815e-11,1.876803561937902e-23
1.622161918700508e-04,4.329612844668050e-11,4.329612851135248e-11,2.007315206847085e-23
1.635201350736792e-04,4.542660301333196e-11,4.542660308118620e-11,2.147433524946073e-23
1.648345597702997e-04,4.766191014312760e-11,4.766191021432068e-11,2.297483158662201e-23
1.661595502133484e-04,5.000720812961351e-11,5.000720820430973e-11,2.457731430104074e-23
1.674951913335161e-04,5.246790907267041e-11,5.246790915104214e-11,2.628451937936195e-23
1.688415687441925e-04,5.504969136616525e-11,5.504969144839332e-11,2.809924702685471e-23
1.701987687469537e-04,5.775851279998047e-11,5.775851288625466e-11,3.002436313980433e-23
1.715668783370944e-04,6.060062430664339e-11,6.060062439716277e-11,3.206280081184860e-23
1.729459852092037e-04,6.358258438426865e-11,6.358258447924211e-11,3.421756187505184e-23
1.743361777627869e-04,6.671127422908311e-11,6.671127432872980e-11,3.649171847652609e-23
1.757375451079312e-04,6.999391361244107e-11,6.999391371699095e-11,3.888841469142964e-23
1.771501770710178e-04,7.343807753895548e-11,7.343807764864978e-11,4.141086817319319e-23
1.785741642004801e-04,7.705171372416890e-11,7.705171383926078e-11,4.406237269902752e-23
1.800095977726069e-04,8.084316093208267e-11,8.084316105283770e-11,4.684983191998018e-23
1.814565697973941e-04,8.482116821484235e-11,8.482116834153919e-11,4.979211573831501e-23
1.829151730244418e-04,8.899491509895908e-11,8.899491523189008e-11,5.291134480069554e-23
1.843855009488996e-04,9.337403276463019e-11,9.337403290410210e-11,5.623061005734422e-23
1.858676478174597e-04,9.796862626701278e-11,9.796862641334742e-11,5.977400442689628e-23
1.873617086343979e-04,1.027892978507038e-10,1.027892980042388e-10,6.356665537018706e-23
1.888677791676635e-04,1.078471714112069e-10,1.078471715722967e-10,6.763475839738806e-23
1.903859559550174e-04,1.131539181598059e-10,1.131539183288221e-10,7.200561153353379e-23
1.919163363102209e-04,1.187217835510428e-10,1.187217837283754e-10,7.670765076813316e-23
1.934590183292727e-04,1.245636155349099e-10,1.245636157209682e-10,8.177048651521925e-23
1.950141008966971e-04,1.306928941989189e-10,1.306928943941321e-10,8.722490421544515e-23
1.965816836918823e-04,1.371237628684162e-10,1.371237630732348e-10,9.309489319302207e-23
1.981618671954699e-04,1.438710607368759e-10,1.438710609517725e-10,9.938711077019846e-23
1.997547526957956e-04,1.509503571014299e-10,1.509503573269005e-10,1.061057495426750e-22
2.013604422953815e-04,1.583779872825959e-10,1.583779875191606e-10,1.132549209507628e-22
2.029790389174808e-04,1.661710903110474e-10,1.661710905592521e-10,1.208386496676649e-22
2.046106463126753e-04,1.743476484683461e-10,1.743476487287635e-10,1.288608677871083e-22
2.062553690655258e-04,1.829265287728285e-10,1.829265290460596e-10,1.373254088043676e-22
2.079133126012754e-04,1.919275265063274e-10,1.919275267930026e-10,1.462360013845578e-22
2.095845831926076e-04,2.013714108821107e-10,2.013714111828914e-10,1.555962629119103e-22
2.112692879664579e-04,2.112799729593607e-10,2.112799732749411e-10,1.654099079632990e-22
2.129675349108811e-04,2.216760759146945e-10,2.216760762458027e-10,1.757260521674107e-22
2.146794328819727e-04,2.325837077866599e-10,2.325837081340598e-10,1.866983552148094e-22
2.164050916108467e-04,2.440280368148442e-10,2.440280371793375e-10,1.985015785113630e-22
2.181446217106693e-04,2.560354695012171e-10,2.560354698836448e-10,2.113185191558986e-22
2.198981346837490e-04,2.686337115275989e-10,2.686337119288433e-10,2.253402762535206e-22
2.216657429286839e-04,2.818518316697368e-10,2.818518320907238e-10,2.407665249274663e-22
2.234475597475662e-04,2.957203288553765e-10,2.957203292970774e-10,2.578057982370477e-22
2.252436993532451e-04,3.102712025209629e-10,3.102712029843969e-10,2.766757772146034e-22
2.270542768766471e-04,3.255380264292157e-10,3.255380269154521e-10,2.976035892399132e-22
2.288794083741566e-04,3.415560261177923e-10,3.415560266279529e-10,3.207752740879242e-22
2.307192108350543e-04,3.583621601576318e-10,3.583621606928938e-10,3.461414805770001e-22
2.325738021890166e-04,3.759952054083487e-10,3.759952059699472e-10,3.735763939237875e-22
2.344433013136745e-04,3.944958464672642e-10,3.944958470564949e-10,4.029465866374553e-22
2.363278280422335e-04,4.139067695183222e-10,4.139067701365445e-10,4.341107571250932e-22
2.382275031711553e-04,4.342727607972877e-10,4.342727614459280e-10,4.669194501496636e-22
2.401424484679001e-04,4.556408099002615e-10,4.556408105808165e-10,5.012147689623959e-22
2.420727866787320e-04,4.780602181737046e-10,4.780602188877444e-10,5.368300788816679e-22
2.440186415365873e-04,5.015827124358888e-10,5.015827131850609e-10,5.735914616073736e-22
2.459801377690052e-04,5.262625642919657e-10,5.262625650779985e-10,6.114273738235401e-22
2.479574011061227e-04,5.521567153177504e-10,5.521567161424575e-10,6.504400886230807e-22
2.499505582887343e-04,5.793249084008273e-10,5.793249092661114e-10,6.907520216426661e-22
2.519597370764155e-04,6.078298255417991e-10,6.078298264496566e-10,7.324907992476133e-22
2.539850662557122e-04,6.377372324333560e-10,6.377372333858814e-10,7.757894270681212e-22
2.560266756483957e-04,6.691161301505002e-10,6.691161311498913e-10,8.207864633548732e-22
2.580846961197845e-04,7.020389143016110e-10,7.020389153501733e-10,8.676261972831650e-22
2.601592595871324e-04,7.365815420072601e-10,7.365815431074128e-10,9.164610362516648e-22
2.622504990280842e-04,7.728237070917046e-10,7.728237082459860e-10,9.676807355487358e-22
2.643585484891994e-04,8.108490238909234e-10,8.108490251019964e-10,1.022127290186334e-21
2.664835430945451e-04,8.507452201009044e-10,8.507452213715629e-10,1.080729827338422e-21
2.686256190543563e-04,8.926043391107375e-10,8.926043404439131e-10,1.144460372615846e-21
2.707849136737677e-04,9.365229522869057e-10,9.365229536856741e-10,1.214335273656867e-21
2.729615653616144e-04,9.826023816981118e-10,9.826023831657000e-10,1.291416664895318e-21
2.751557136393041e-04,1.030948933794018e-09,1.030948935333812e-09,1.376813974616851e-21
2.773674991497600e-04,1.081674144576526e-09,1.081674146192078e-09,1.471598629099650e-21
2.795970636664358e-04,1.134895036828696e-09,1.134895038523733e-09,1.575961423765076e-21
2.818445501024037e-04,1.190734389994194e-09,1.190734391772626e-09,1.689533448723431e-21
2.841101025195148e-04,1.249321023329264e-09,1.249321025195193e-09,1.811913610016825e-21
2.863938661376329e-04,1.310790092979868e-09,1.310790094937600e-09,1.942675086344546e-21
2.886959873439438e-04,1.375283403668632e-09,1.375283405722683e-09,2.081364398420500e-21
2.910166137023378e-04,1.442949735709958e-09,1.442949737865066e-09,2.227500450400129e-21
2.933558939628688e-04,1.513945188106937e-09,1.513945190368073e-09,2.380607888535211e-21
2.957139780712891e-04,1.588433538520745e-09,1.588433540893127e-09,2.540809815761609e-21
2.980910171786606e-04,1.666586620942082e-09,1.666586623431181e-09,2.708780423375987e-21
3.004871636510434e-04,1.748584721934963e-09,1.748584724546522e-09,2.885240415264063e-21
3.029025710792626e-04,1.834616996365982e-09,1.834616999106024e-09,3.070940372372767e-21
3.053373942887533e-04,1.924881903577004e-09,1.924881906451851e-09,3.266661708786089e-21
3.077917893494842e-04,2.019587665006347e-09,2.019587668022630e-09,3.473217654995213e-21
3.102659135859624e-04,2.118952744312938e-09,2.118952747477615e-09,3.691583607392843e-21
3.127599255873172e-04,2.223206351109673e-09,2.223206354430043e-09,3.923738009732190e-21
3.152739852174657e-04,2.332588969466673e-09,2.332588972950396e-09,4.172182414124299e-21
3.178082536253598e-04,2.447352912402086e-09,2.447352916057197e-09,4.439532503080421e-21
3.203628932553160e-04,2.567762903637977e-09,2.567762907472908e-09,4.728519834021778e-21
3.229380678574276e-04,2.694096687961603e-09,2.694096691985200e-09,5.041995632451938e-21
3.255339424980610e-04,2.826645671598239e-09,2.826645675819783e-09,5.382864067852902e-21
3.281506835704365e-04,2.965715594070840e-09,2.965715598500067e-09,5.751286412923494e-21
3.307884588052939e-04,3.111627233094254e-09,3.111627237741381e-09,6.143591179586989e-21
3.334474372816436e-04,3.264717144127845e-09,3.264717149003591e-09,6.555646234759610e-21
3.361277894376049e-04,3.425338436290086e-09,3.425338441405696e-09,6.983103108720560e-21
3.388296870813304e-04,3.593861586422450e-09,3.593861591789725e-09,7.421389545483846e-21
3.415533034020191e-04,3.770675293177704e-09,3.770675298809022e-09,7.865753065561832e-21
3.442988129810177e-04,3.956187373099873e-09,3.956187379008223e-09,8.315194244663348e-21
3.470663918030109e-04,4.150825700759732e-09,4.150825706958741e-09,8.775494694504576e-21
3.498562172673019e-04,4.355039195111214e-09,4.355039201615178e-09,9.253382367272431e-21
3.526684681991836e-04,4.569298854340301e-09,4.569298861164222e-09,9.755905071189828e-21
3.555033248614011e-04,4.794098841589787e-09,4.794098848749404e-09,1.029044118666318e-20
3.583609689657066e-04,5.029957624060218e-09,5.029957631572041e-09,1.086484420614490e-20
3.612415836845064e-04,5.277419168110176e-09,5.277419175991531e-09,1.149058351392950e-20
3.641453536626028e-04,5.537054193108040e-09,5.537054201377103e-09,1.218303927974450e-20
3.670724650290291e-04,5.809461486922403e-09,5.809461495598244e-09,1.295845818706629e-20
3.700231054089807e-04,6.095269286080186e-09,6.095269295182814e-09,1.383382880389635e-20
3.729974639358412e-04,6.395136723770369e-09,6.395136733320776e-09,1.482690610872209e-20
3.759957312633063e-04,6.709755349027180e-09,6.709755359047391e-09,1.595275730880674e-20
3.790180995776037e-04,7.039850720590483e-09,7.039850731103606e-09,1.721012431374409e-20
3.820647626098141e-04,7.386184079113007e-09,7.386184090143284e-09,1.859242640972582e-20
3.851359156482856e-04,7.749554101563333e-09,7.749554113136202e-09,2.009267193234016e-20
3.882317555511548e-04,8.130798741864776e-09,8.130798754006924e-09,2.170344452026194e-20
3.913524807589639e-04,8.530797162005859e-09,8.530797174745288e-09,2.341858707709659e-20
3.944982913073800e-04,8.950471758068293e-09,8.950471771434377e-09,2.525517557302429e-20
3.976693888400195e-04,9.390790285836020e-09,9.390790299859578e-09,2.724839413161489e-20
4.008659766213700e-04,9.852768090876950e-09,9.852768105590323e-09,2.943544595720713e-20
4.040882595498221e-04,1.033747044823128e-08,1.033747046366840e-08,3.185523159830278e-20
4.073364441708008e-04,1.084601501708989e-08,1.084601503328633e-08,3.454576048718375e-20
4.106107386900075e-04,1.137957441611309e-08,1.137957443310622e-08,3.749140983130994e-20
4.139113529867636e-04,1.193937892531507e-08,1.193937894314406e-08,4.062293071676418e-20
4.172384986274657e-04,1.252671932073248e-08,1.252671933943844e-08,4.386546932565235e-20
4.205923888791444e-04,1.314294984839867e-08,1.314294986802474e-08,4.714041818932293e-20
4.239732387231362e-04,1.378949134446773e-08,1.378949136505915e-08,5.037091605810885e-20
4.273812648688634e-04,1.446783450866638e-08,1.446783453027063e-08,5.355383811370912e-20
4.308166857677236e-04,1.517954333860456e-08,1.517954336127145e-08,5.674253760964372e-20
4.342797216270938e-04,1.592625873284693e-08,1.592625875662871e-08,5.999426763476476e-20
4.377705944244465e-04,1.670970227103274e-08,1.670970229598424e-08,6.336906330552169e-20
4.412895279215749e-04,1.753168017973940e-08,1.753168020591815e-08,6.692213239276676e-20
4.448367476789386e-04,1.839408749321361e-08,1.839408752067997e-08,7.067045036557888e-20
4.484124810701205e-04,1.929891241853854e-08,1.929891244735582e-08,7.461821592211723e-20
4.520169572964026e-04,2.024824091527750e-08,2.024824094551214e-08,7.876969489664646e-20
4.556504074014547e-04,2.124426150012555e-08,2.124426153184724e-08,8.312944847986645e-20
4.593130642861484e-04,2.228927028762076e-08,2.228927032090264e-08,8.771265457432259e-20
4.630051627234824e-04,2.338567627850241e-08,2.338567631342119e-08,9.255014866978567e-20
4.667269393736320e-04,2.453600690788015e-08,2.453600694451632e-08,9.767526715188004e-20
4.704786327991199e-04,2.574291386596894e-08,2.574291390440697e-08,1.031227948430442e-19
4.742604834801065e-04,2.700917920477279e-08,2.700917924510126e-08,1.089895525309579e-19
4.780727338298054e-04,2.833772174475664e-08,2.833772178706851e-08,1.156331409070085e-19
4.819156282100212e-04,2.973160379623448e-08,2.973160384062729e-08,1.234960305197028e-19
4.857894129468136e-04,3.119403821092391e-08,3.119403825749997e-08,1.330416081046626e-19
4.896943363462858e-04,3.272839577987579e-08,3.272839582874245e-08,1.446637399216060e-19
4.936306487105016e-04,3.433821299478206e-08,3.433821304605196e-08,1.579731760035437e-19
4.975986023535286e-04,3.602720019049959e-08,3.602720024429089e-08,1.721436660165037e-19
5.015984516176124e-04,3.779925008750175e-08,3.779925014393842e-08,1.863042595352219e-19
5.056304528894785e-04,3.965844675388802e-08,3.965844681310013e-08,1.996053667962002e-19
5.096948646167675e-04,4.160907500754411e-08,4.160907506966810e-08,2.119438329368610e-19
5.137919473246008e-04,4.365563028005492e-08,4.365563034523399e-08,2.237425318565699e-19
5.179219636322799e-04,4.580282896503200e-08,4.580282903341633e-08,2.354552831614235e-19
5.220851782701209e-04,4.805561927462870e-08,4.805561934637590e-08,2.475657452494992e-19
5.262818580964221e-04,5.041919262918028e-08,5.041919270445567e-08,2.606614162334175e-19
5.305122721145709e-04,5.289899560613183e-08,5.289899568510886e-08,2.754073373666627e-19
5.347766914902854e-04,5.550074247569505e-08,5.550074255855572e-08,2.925008288652512e-19
5.390753895689967e-04,5.823042835202501e-08,5.823042843896024e-08,3.125598696577538e-19
5.434086418933698e-04,6.109434299011516e-08,6.109434308132525e-08,3.355066139997163e-19
5.477767262209655e-04,6.409908526009102e-08,6.409908535578616e-08,3.609690570755387e-19
5.521799225420445e-04,6.725157833213621e-08,6.725157843253684e-08,3.885545574857951e-19
5.566185130975148e-04,7.055908560691073e-08,7.055908571224820e-08,4.179449526649426e-19
5.610927823970227e-04,7.402922742803235e-08,7.402922753854933e-08,4.490775381266539e-19
5.656030172371900e-04,7.766999861498266e-08,7.766999873093377e-08,4.819336852452741e-19
5.701495067199968e-04,8.148978685667832e-08,8.148978697833067e-08,5.164888642448372e-19
5.747325422713135e-04,8.549739200792153e-08,8.549739213555537e-08,5.526254081426106e-19
5.793524176595800e-04,8.970204633300973e-08,8.970204646691909e-08,5.901261227996088e-19
5.840094290146369e-04,9.411343574295529e-08,9.411343588344863e-08,6.287581136396391e-19
5.887038748467065e-04,9.874172207503978e-08,9.874172222244075e-08,6.688767433981942e-19
5.934360560655266e-04,1.035975664658152e-07,1.035975666204632e-07,7.134502393759588e-19
5.982062759996420e-04,1.086921538711707e-07,1.086921540334221e-07,7.662914528502984e-19
6.030148404158408e-04,1.140372187896932e-07,1.140372189599217e-07,8.310583140402240e-19
6.078620575387604e-04,1.196450722483379e-07,1.196450724269355e-07,9.054684421726766e-19
6.127482380706410e-04,1.255286301122713e-07,1.255286302996493e-07,9.817733345786023e-19
6.176736952112424e-04,1.317014427838121e-07,1.317014429804020e-07,1.051693135579108e-18
6.226387446779187e-04,1.381777263585562e-07,1.381777265648109e-07,1.111218023154403e-18
6.276437047258583e-04,1.449723953101173e-07,1.449723955265116e-07,1.165993750578664e-18
6.326888961684805e-04,1.521010967783894e-07,1.521010970054217e-07,1.223191480556298e-18
6.377746423979997e-04,1.595802465399320e-07,1.595802467781252e-07,1.290090247753445e-18
6.429012694061570e-04,1.674270667429111e-07,1.674270669928135e-07,1.373275235167799e-18
6.480691058051139e-04,1.756596254930515e-07,1.756596257552386e-07,1.479363683072398e-18
6.532784828485165e-04,1.842968783813094e-07,1.842968786563847e-07,1.612741492250580e-18
6.585297344527300e-04,1.933587120484010e-07,1.933587123369980e-07,1.760054292769431e-18
6.638231972182396e-04,2.028659898859644e-07,2.028659901887475e-07,1.899548985672557e-18
6.691592104512289e-04,2.128405999790458e-07,2.128406002967121e-07,2.011872007609831e-18
6.745381161853263e-04,2.233055053996796e-07,2.233055057329603e-07,2.109213680970598e-18
6.799602592035324e-04,2.342847969667463e-07,2.342847973164085e-07,2.222060931577086e-18
6.854259870603176e-04,2.458037485928735e-07,2.458037489597223e-07,2.378364323954376e-18
6.909356501039032e-04,2.578888753451072e-07,2.578888757299869e-07,2.567051069552013e-18
6.964896014987140e-04,2.705679943522137e-07,2.705679947560102e-07,2.753898128140788e-18
7.020881972480192e-04,2.838702886980355e-07,2.838702891216781e-07,2.909683077848056e-18
7.077317962167508e-04,2.978263744470816e-07,2.978263748915454e-07,3.058126868160863e-18
7.134207601545053e-04,3.124683709557044e-07,3.124683714220123e-07,3.249836776685014e-18
7.191554537187333e-04,3.278299746297209e-07,3.278299751189460e-07,3.525167690392820e-18
7.249362444981155e-04,3.439465362971699e-07,3.439465368104379e-07,3.858846116478039e-18
7.307635030361193e-04,3.608551423731346e-07,3.608551429116265e-07,4.202212825968083e-18
7.366376028547551e-04,3.785947000022633e-07,3.785947005672184e-07,4.519430750417815e-18
7.425589204785172e-04,3.972060263736081e-07,3.972060269663260e-07,4.817858682868372e-18
7.485278354585161e-04,4.167319424119471e-07,4.167319430337916e-07,5.113895015252389e-18
7.545447303968137e-04,4.372173710597694e-07,4.372173717121712e-07,5.445853180100154e-18
7.606099909709415e-04,4.587094403744344e-07,4.587094410588943e-07,5.884638020954895e-18
7.667240059586251e-04,4.812575916761371e-07,4.812575923942296e-07,6.493862740028062e-18
7.728871672627038e-04,5.049136929936926e-07,5.049136937470694e-07,7.190461270796076e-18
7.790998699362517e-04,5.297321580672690e-07,5.297321588576631e-07,7.791673273615132e-18
7.853625122078999e-04,5.557700711798234e-07,5.557700720090527e-07,8.174915139219980e-18
7.916754955073624e-04,5.830873181022686e-07,5.830873189722401e-07,8.461213434116106e-18
7.980392244911679e-04,6.117467234512949e-07,6.117467243640094e-07,8.828914135391231e-18
8.044541070685974e-04,6.418141947733625e-07,6.418141957309190e-07,9.363625979055217e-18
8.109205544278314e-04,6.733588736836695e-07,6.733588746882696e-07,1.004402634877312e-17
8.174389810623059e-04,7.064532944049294e-07,7.064532954588833e-07,1.083942815197580e-17
8.240098047972818e-04,7.411735500676258e-07,7.411735511733567e-07,1.170514495235413e-17
8.306334468166268e-04,7.775994671510273e-07,7.775994683110772e-07,1.259370609513711e-17
8.373103316898129e-04,8.158147884627392e-07,8.158147896797752e-07,1.353860077341649e-17
8.440408873991310e-04,8.559073650739671e-07,8.559073663507868e-07,1.466533387865567e-17
8.508255453671238e-04,8.979693576479892e-07,8.979693589875276e-07,1.603662268341074e-17
8.576647404842405e-04,9.420974476206508e-07,9.420974490259867e-07,1.746083738724358e-17
8.645589111367118e-04,9.883930587140468e-07,9.883930601884102e-07,1.870543052485079e-17
8.715084992346509e-04,1.036962589288011e-06,1.036962590834790e-06,1.981764188153307e-17
8.785139502403790e-04,1.087917656058579e-06,1.087917657681328e-06,2.103437198300321e-17
8.855757131969794e-04,1.141375349738385e-06,1.141375351440834e-06,2.249707167907968e-17
8.926942407570805e-04,1.197458503180958e-06,1.197458504967018e-06,2.418142121420104e-17
8.998699892118705e-04,1.256295972639211e-06,1.256295974512986e-06,2.600974064718693e-17
9.071034185203454e-04,1.318022932778121e-06,1.318022934743915e-06,2.776830201763066e-17
9.143949923387916e-04,1.382781186112744e-06,1.382781188175074e-06,2.930510433110649e-17
9.217451780505064e-04,1.450719487575362e-06,1.450719489738964e-06,3.124227808805328e-17
9.291544467957563e-04,1.521993884949757e-06,1.521993887219601e-06,3.451349691180028e-17
9.366232735019771e-04,1.596768075946572e-06,1.596768078327871e-06,3.876106998561245e-17
9.441521369142157e-04,1.675213782731263e-06,1.675213785229487e-06,4.253677740256919e-17
9.517415196258182e-04,1.757511144755670e-06,1.757511147376554e-06,4.520655548832697e-17
9.593919081093626e-04,1.843849130785539e-06,1.843849133535101e-06,4.728771787664932e-17
9.671037927478423e-04,1.934425971059732e-06,1.934425973944286e-06,4.966987545302705e-17
9.748776678660982e-04,2.029449610562301e-06,2.029449613588470e-06,5.377931891326969e-17
9.827140317625054e-04,2.129138184436259e-06,2.129138187610988e-06,6.007456318883339e-17
9.906133867409129e-04,2.233720516617849e-06,2.233720519948426e-06,6.638749217136834e-17
9.985762391428417e-04,2.343436642822498e-06,2.343436646316568e-06,7.097255996159797e-17
1.006603099379940e-03,2.458538359068526e-06,2.458538362734107e-06,7.470010511871426e-17
1.014694481966699e-03,2.579289796982278e-06,2.579289800827781e-06,7.875877517008850e-17
1.022850905553437e-03,2.705968027188643e-06,2.705968031222894e-06,8.370332425771341e-17
1.031072892959541e-03,2.838863692154217e-06,2.838863696386470e-06,9.011771634914251e-17
1.039360971206977e-03,2.978281669916643e-06,2.978281674356609e-06,9.906163655134572e-17
1.047715671554077e-03,3.124541770203169e-06,3.124541774861032e-06,1.106195161531669e-16
1.056137529529589e-03,3.277979464514369e-06,3.277979469400813e-06,1.216571456777921e-16
1.064627084967003e-03,3.438946651825226e-06,3.438946656951459e-06,1.305849360807766e-16
1.073184882039157e-03,3.607812461635990e-06,3.607812467013767e-06,1.412039281663916e-16
1.081811469293115e-03,3.784964096188933e-06,3.784964101830586e-06,1.549619410016995e-16
1.090507399685329e-03,3.970807713755259e-06,3.970807719673722e-06,1.672488419384549e-16
1.099273230617085e-03,4.165769354988494e-06,4.165769361197337e-06,1.774699371474945e-16
1.108109523970230e-03,4.370295914437267e-06,4.370295920950722e-06,1.913511156352271e-16
1.117016846143188e-03,4.584856159411819e-06,4.584856166244816e-06,2.100458408006160e-16
1.125995768087267e-03,4.809941798504481e-06,4.809941805672679e-06,2.300489592967826e-16
1.135046865343254e-03,5.046068602175834e-06,5.046068609695659e-06,2.487427564701402e-16
1.144170718078311e-03,5.293777577934624e-06,5.293777585823309e-06,2.649744677067541e-16
1.153367911123158e-03,5.553636202761851e-06,5.553636211037468e-06,2.821197478853225e-16
1.162639034009565e-03,5.826239715557440e-06,5.826239724238946e-06,3.039323839090417e-16
1.171984681008136e-03,6.112212472521988e-06,6.112212481629270e-06,3.309979759955598e-16
1.181405451166403e-03,6.412209368526943e-06,6.412209378080858e-06,3.609480443801191e-16
1.190901948347228e-03,6.726917327673670e-06,6.726917337696096e-06,3.892954316692159e-16
1.200474781267503e-03,7.057056866396508e-06,7.057056876910394e-06,4.247334423559450e-16
1.210124563537173e-03,7.403383732626623e-06,7.403383743656041e-06,4.771494614398432e-16
1.219851913698569e-03,7.766690624703079e-06,7.766690636273277e-06,5.235432413643846e-16
1.229657455266050e-03,8.147808993895306e-06,8.147809006032765e-06,5.531792232340193e-16
1.239541816765978e-03,8.547610934587221e-06,8.547610947319715e-06,5.911561019514940e-16
1.249505631776997e-03,8.967011166368463e-06,8.967011179725130e-06,6.427534233162340e-16
1.259549538970653e-03,9.406969112482594e-06,9.406969126493996e-06,6.996767407855403e-16
1.269674182152326e-03,9.868491079296325e-06,9.868491093994512e-06,7.647920836968673e-16
1.279880210302502e-03,1.035263254167819e-05,1.035263255709678e-05,8.311351025782855e-16
1.290168277618368e-03,1.086050053941026e-05,1.086050055558452e-05,8.829169826809943e-16
1.300539043555748e-03,1.139325619000290e-05,1.139325620696981e-05,9.620268884223188e-16
1.310993172871374e-03,1.195211732354051e-05,1.195211734133887e-05,1.093429402020217e-15
1.321531335665495e-03,1.253836124545673e-05,1.253836126412721e-05,1.218364301280747e-15
1.332154207424828e-03,1.315332763342064e-05,1.315332765300593e-05,1.328287001175746e-15
1.342862469065862e-03,1.379842157481262e-05,1.379842159535748e-05,1.436882230851535e-15
1.353656806978497e-03,1.447511675157881e-05,1.447511677313018e-05,1.520944675628982e-15
1.364537913070045e-03,1.518495877957926e-05,1.518495880218638e-05,1.604462335663752e-15
1.375506484809581e-03,1.592956870988580e-05,1.592956873360030e-05,1.734753463216961e-15
1.386563225272648e-03,1.671064669984275e-05,1.671064672471880e-05,1.916801681399767e-15
1.397708843186326e-03,1.752997586207812e-05,1.752997588817253e-05,2.111220021357678e-15
1.408944052974657e-03,1.838942630004490e-05,1.838942632741724e-05,2.308576098312944e-15
1.420269574804443e-03,1.929095933908232e-05,1.929095936779508e-05,2.600974716600812e-15
1.431686134631405e-03,2.023663196241766e-05,2.023663199253637e-05,2.914934952627420e-15
1.443194464246720e-03,2.122860146197849e-05,2.122860149357188e-05,3.163252923583445e-15
1.454795301323922e-03,2.226913031435822e-05,2.226913034749838e-05,3.371349225615494e-15
1.466489389466193e-03,2.336059129277051e-05,2.336059132753304e-05,3.521128631274992e-15
1.478277478254022e-03,2.450547282634644e-05,2.450547286281062e-05,3.789169715344262e-15
1.490160323293255e-03,2.570638461866930e-05,2.570638465691828e-05,4.351161337829130e-15
1.502138686263529e-03,2.696606353800951e-05,2.696606357813050e-05,4.890039280609183e-15
1.514213334967092e-03,2.828737979231628e-05,2.828737983440075e-05,5.337410982869643e-15
1.526385043378023e-03,2.967334340264412e-05,2.967334344678797e-05,5.840838997309600e-15
1.538654591691839e-03,3.112711098934380e-05,3.112711103564762e-05,6.477215387569712e-15
1.551022766375507e-03,3.265199288602963e-05,3.265199293459892e-05,6.961193897237519e-15
1.563490360217856e-03,3.425146059704787e-05,3.425146064799325e-05,7.396421097919459e-15
1.576058172380391e-03,3.592915461491951e-05,3.592915466835701e-05,7.984410609284346e-15
1.588727008448524e-03,3.768889261501236e-05,3.768889267106364e-05,8.792989769132025e-15
1.601497680483206e-03,3.953467804551672e-05,3.953467810430938e-05,9.828055658830164e-15
1.614371007072981e-03,4.147070913165689e-05,4.147070919332473e-05,1.065676591545897e-14
1.627347813386459e-03,4.350138831396731e-05,4.350138837865067e-05,1.138171059222505e-14
1.640428931225205e-03,4.563133214140281e-05,4.563133220924884e-05,1.246987108264143e-14
1.653615199077061e-03,4.786538164103528e-05,4.786538171219828e-05,1.394446341807093e-14
1.666907462169888e-03,5.020861318711791e-05,5.020861326175970e-05,1.534191800548698e-14
1.680306572525747e-03,5.266634989337698e-05,5.266634997166727e-05,1.692862981313765e-14
1.693813389015511e-03,5.524417355351654e-05,5.524417363563327e-05,1.839729553059297e-14
1.707428777413920e-03,5.794793715610327e-05,5.794793724223304e-05,2.015693424249760e-14
1.721153610455075e-03,6.078377800123175e-05,6.078377809157024e-05,2.245274294901289e-14
1.734988767888381e-03,6.375813144766372e-05,6.375813154241613e-05,2.359258750954599e-14
1.748935136534934e-03,6.687774532048642e-05,6.687774541986790e-05,2.464025982178019e-14
1.762993610344370e-03,7.014969501074922e-05,7.014969511498542e-05,2.712928462372806e-14
1.777165090452167e-03,7.358139930001891e-05,7.358139940934640e-05,2.927834911846020e-14
1.791450485237400e-03,7.718063694434113e-05,7.718063705900798e-05,3.143469722793062e-14
1.805850710380975e-03,8.095556405371687e-05,8.095556417398322e-05,3.533624852001548e-14
1.820366688924320e-03,8.491473230489632e-05,8.491473243103494e-05,4.006284414989689e-14
1.834999351328550e-03,8.906710802706557e-05,8.906710815936245e-05,4.469200926015955e-14
1.849749635534115e-03,9.342209220185938e-05,9.342209234061442e-05,5.037004059569316e-14
1.864618487020908e-03,9.798954142105901e-05,9.798954156658666e-05,5.658035684643490e-14
1.879606858868883e-03,1.027797898473909e-04,1.027797900000208e-04,6.273489869862023e-14
1.894715711819141e-03,1.078036722259279e-04,1.078036723860059e-04,6.479982453203068e-14
1.909946014335512e-03,1.130725479958422e-04,1.130725481637307e-04,7.305445935208153e-14
1.925298742666634e-03,1.185983265545635e-04,1.185983267306426e-04,7.809652636895647e-14
1.940774880908526e-03,1.243934937288287e-04,1.243934939134968e-04,8.287745512572967e-14
1.956375421067680e-03,1.304711395096466e-04,1.304711397033216e-04,8.623461818960542e-14
1.972101363124626e-03,1.368449871108366e-04,1.368449873139565e-04,9.146374205591795e-14
1.987953715098051e-03,1.435294234136127e-04,1.435294236266367e-04,1.033736414655484e-13
2.003933493109402e-03,1.505395308625303e-04,1.505395310859400e-04,1.236882198479873e-13
2.020041721448015e-03,1.578911208811840e-04,1.578911211154842e-04,1.428667666208924e-13
2.036279432636787e-03,1.656007688792007e-04,1.656007691249209e-04,1.536872925099550e-13
2.052647667498334e-03,1.736858509253571e-04,1.736858511830520e-04,1.603969139299955e-13
2.069147475221737e-03,1.821645821651707e-04,1.821645824354223e-04,1.718399393772477e-13
2.085779913429766e-03,1.910560570648408e-04,1.910560573482588e-04,1.951920256652027e-13
2.102546048246688e-03,2.003802915672881e-04,2.003802918645121e-04,2.172857576882693e-13
2.119446954366613e-03,2.101582672499213e-04,2.101582675616217e-04,2.402727216900555e-13
2.136483715122351e-03,2.204119775778881e-04,2.204119779047678e-04,2.692439675359321e-13
2.153657422554891e-03,2.311644763509492e-04,2.311644766937449e-04,2.765212374368773e-13
2.170969177483361e-03,2.424399284464825e-04,2.424399288059667e-04,3.079631344735515e-13
2.188420089575628e-03,2.542636629659861e-04,2.542636633429684e-04,3.493815077042983e-13
2.206011277419392e-03,2.666622288971924e-04,2.666622292925217e-04,4.019339387720097e-13
2.223743868593907e-03,2.796634534091955e-04,2.796634538237619e-04,4.234587446337442e-13
2.241618999742261e-03,2.932965029032229e-04,2.932965033379591e-04,4.524800168031297e-13
2.259637816644210e-03,3.075919469473190e-04,3.075919474032028e-04,4.926095338745530e-13
2.277801474289655e-03,3.225818252291145e-04,3.225818257071712e-04,5.601507977784212e-13
2.296111136952638e-03,3.382997176667925e-04,3.382997181680965e-04,5.942592269987057e-13
2.314567978266010e-03,3.547808178249295e-04,3.547808183506072e-04,6.555527485948818e-13
2.333173181296630e-03,3.720620097883304e-04,3.720620103395626e-04,7.302336070386468e-13
2.351927938621205e-03,3.901819486540611e-04,3.901819492320855e-04,8.223005811018284e-13
2.370833452402752e-03,4.091811448090737e-04,4.091811454151877e-04,8.418564318477272e-13
2.389890934467622e-03,4.291020521682739e-04,4.291020528038373e-04,9.148536140384139e-13
2.409101606383217e-03,4.499891605559725e-04,4.499891612224107e-04,1.035830239935796e-12
2.428466699536247e-03,4.718890924215988e-04,4.718890931204059e-04,1.175604542225735e-12
2.447987455211703e-03,4.948507040894441e-04,4.948507048221861e-04,1.293764277336972e-12
2.467665124672397e-03,5.189251917508276e-04,5.189251925191459e-04,1.381289207304191e-12
2.487500969239163e-03,5.441662024166577e-04,5.441662032222727e-04,1.550046396961501e-12
2.507496260371736e-03,5.706299500579981e-04,5.706299509027129e-04,1.634572777452123e-12
2.527652279750210e-03,5.983753371722647e-04,5.983753380579695e-04,1.741073056809484e-12
2.547970319357233e-03,6.274640820235523e-04,6.274640829522279e-04,2.005950061271867e-12
2.568451681560794e-03,6.579608518162436e-04,6.579608527899660e-04,2.267758507271176e-12
2.589097679197714e-03,6.899334020728736e-04,6.899334030938187e-04,2.516834752995112e-12
2.609909635657800e-03,7.234527224989778e-04,7.234527235694261e-04,2.522442168305219e-12
2.630888884968659e-03,7.585931896301983e-04,7.585931907525400e-04,3.031773956561135e-12
2.652036771881234e-03,7.954327265700178e-04,7.954327277467576e-04,3.361517120716751e-12
2.673354651955977e-03,8.340529701397846e-04,8.340529713735476e-04,3.762746672690366e-12
2.694843891649749e-03,8.745394457771184e-04,8.745394470706555e-04,3.825121818127379e-12
2.716505868403406e-03,9.169817505332024e-04,9.169817518893971e-04,4.271704073523536e-12
2.738341970730105e-03,9.614737445349660e-04,9.614737459568396e-04,4.781459931295496e-12
2.760353598304279e-03,1.008113751293869e-03,1.008113752784588e-03,5.336568050195386e-12
2.782542162051375e-03,1.057004767259872e-03,1.057004768822754e-03,5.824904853436052e-12
2.804909084238298e-03,1.108254681036190e-03,1.108254682674713e-03,6.391704237893368e-12
2.827455798564560e-03,1.161976502688382e-03,1.161976504406190e-03,6.701167285787511e-12
2.850183750254189e-03,1.218288603600260e-03,1.218288605401171e-03,7.469281384566073e-12
2.873094396148360e-03,1.277314967348233e-03,1.277314969236249e-03,8.638689028676645e-12
2.896189204798795e-03,1.339185452086167e-03,1.339185454065481e-03,9.112789982416812e-12
2.919469656561864e-03,1.404036064953563e-03,1.404036067028569e-03,1.032571526927422e-11
2.942937243693504e-03,1.472009249042189e-03,1.472009251217490e-03,1.158158673919236e-11
2.966593470444858e-03,1.543254183478430e-03,1.543254185758851e-03,1.250170843093823e-11
2.990439853158696e-03,1.617927097202727e-03,1.617927099593324e-03,1.369180471574077e-11
3.014477920366623e-03,1.696191597051787e-03,1.696191599557857e-03,1.552799272357885e-11
3.038709212887029e-03,1.778219010774590e-03,1.778219013401682e-03,1.663105201685845e-11
3.063135283923895e-03,1.864188745640265e-03,1.864188748394195e-03,1.751710516422671e-11
3.087757699166306e-03,1.954288663322435e-03,1.954288666209296e-03,1.902620384080008e-11
3.112578036888844e-03,2.048715471774315e-03,2.048715474800492e-03,2.172663136920067e-11
3.137597888052754e-03,2.147675134837518e-03,2.147675138009700e-03,2.334735418718106e-11
3.162818856407887e-03,2.251383300358602e-03,2.251383303683798e-03,2.644227120714408e-11
3.188242558595553e-03,2.360065747619767e-03,2.360065751105322e-03,2.857636088680923e-11
3.213870624252089e-03,2.473958854922018e-03,2.473958858575623e-03,3.265476840199605e-11
3.239704696113376e-03,2.593310088194925e-03,2.593310092024643e-03,3.438866819928810e-11
3.265746430120078e-03,2.718378511541021e-03,2.718378515555297e-03,3.678440688803905e-11
3.291997495523831e-03,2.849435320661319e-03,2.849435324869002e-03,4.355650504819419e-11
3.318459574994229e-03,2.986764400145337e-03,2.986764404555698e-03,4.725619889270911e-11
3.345134364726657e-03,3.130662905649007e-03,3.130662910271758e-03,5.052654423779470e-11
3.372023574551063e-03,3.281441872025405e-03,3.281441876870721e-03,5.611801024771927e-11
3.399128928041499e-03,3.439426848514015e-03,3.439426853592558e-03,6.235048668952422e-11
3.426452162626657e-03,3.604958562140205e-03,3.604958567463142e-03,6.831722047155963e-11
3.453995029701201e-03,3.778393610519709e-03,3.778393616098742e-03,7.951432155373000e-11
3.481759294738027e-03,3.960105185311554e-03,3.960105191158939e-03,8.389016440977515e-11
3.509746737401465e-03,4.150483827610669e-03,4.150483833739249e-03,9.082314435693659e-11
3.537959151661302e-03,4.349938216620674e-03,4.349938223043900e-03,1.008746944436119e-10
3.566398345907830e-03,4.558895993001107e-03,4.558895999733075e-03,1.066457840380053e-10
3.595066143067702e-03,4.777804618333962e-03,4.777804625389436e-03,1.170763789923001e-10
3.623964380720841e-03,5.007132272212595e-03,5.007132279607043e-03,1.294638683194711e-10
3.653094911218182e-03,5.247368788509798e-03,5.247368796259423e-03,1.470837327446140e-10
3.682459601800413e-03,5.499026632442893e-03,5.499026640564670e-03,1.591507045636741e-10
3.712060334717699e-03,5.762641920113135e-03,5.762641928624848e-03,1.884581906023985e-10
3.741899007350272e-03,6.038775482257831e-03,6.038775491178108e-03,1.993004584033834e-10
3.771977532330115e-03,6.328013974020392e-03,6.328013983368748e-03,2.182219260925756e-10
3.802297837663513e-03,6.630971032605900e-03,6.630971042402780e-03,2.355519369782887e-10
3.832861866854657e-03,6.948288484760765e-03,6.948288495027586e-03,2.529737080003681e-10
3.863671579030221e-03,7.280637606082527e-03,7.280637616841724e-03,2.767703176481594e-10
3.894728949064921e-03,7.628720434238131e-03,7.628720445513209e-03,3.033068890767754e-10
3.926035967708143e-03,7.993271138243276e-03,7.993271150058856e-03,3.233149683237085e-10
3.957594641711505e-03,8.375057446028457e-03,8.375057458410332e-03,3.836073887086105e-10
3.989406993957513e-03,8.774882132597576e-03,8.774882145572767e-03,4.507774955847255e-10
4.021475063589216e-03,9.193584571161558e-03,9.193584584758375e-03,4.215202532429269e-10
4.053800906140921e-03,9.632042349711810e-03,9.632042363959904e-03,5.079605346120107e-10
4.086386593669947e-03,1.009117295558068e-02,1.009117297051112e-02,5.322011331100671e-10
4.119234214889424e-03,1.057193553062032e-02,1.057193554626566e-02,6.080099279006181e-10
4.152345875302224e-03,1.107533269971963e-02,1.107533271611395e-02,6.604742636020030e-10
4.185723697335874e-03,1.160241247546328e-02,1.160241249264231e-02,7.097260526279601e-10
4.219369820478623e-03,1.215427024183129e-02,1.215427025983245e-02,8.375876254588760e-10
4.253286401416582e-03,1.273205081992535e-02,1.273205083878784e-02,8.651069757552874e-10
4.287475614171960e-03,1.333695061880276e-02,1.333695063856766e-02,9.560944033488828e-10
4.321939650242419e-03,1.397021987459274e-02,1.397021989530307e-02,1.048948078896055e-09
4.356680718741551e-03,1.463316498116559e-02,1.463316500286646e-02,1.209839588283231e-09
4.391701046540474e-03,1.532715091572203e-02,1.532715093846067e-02,1.282311782561478e-09
4.427002878410574e-03,1.605360376276805e-02,1.605360378659394e-02,1.348451499847816e-09
4.462588477167393e-03,1.681401334003952e-02,1.681401336500454e-02,1.524105625705116e-09
4.498460123815679e-03,1.760993593004060e-02,1.760993595619906e-02,1.701246325188093e-09
4.534620117695586e-03,1.844299712095963e-02,1.844299714836848e-02,1.961530035063031e-09
4.571070776630070e-03,1.931489476082804e-02,1.931489478954694e-02,2.092020757452608e-09
4.607814437073449e-03,2.022740202888710e-02,2.022740205897856e-02,2.165012537201311e-09
4.644853454261179e-03,2.118237062822943e-02,2.118237065975896e-02,2.527374709249691e-09
4.682190202360813e-03,2.218173410388151e-02,2.218173413691776e-02,2.737585133246833e-09
4.719827074624186e-03,2.322751129059348e-02,2.322751132520838e-02,2.827270816609222e-09
4.757766483540824e-03,2.432180989470174e-02,2.432180993097070e-02,3.431466303791561e-09
4.796010860992577e-03,2.546683021452597e-02,2.546683025252800e-02,3.714635253273272e-09
4.834562658409503e-03,2.666486900385902e-02,2.666486904367693e-02,3.815068544793923e-09
4.873424346927002e-03,2.791832348320095e-02,2.791832352492156e-02,4.278431832770507e-09
4.912598417544216e-03,2.922969550347958e-02,2.922969554719387e-02,4.659519603469899e-09
4.952087381283693e-03,3.060159586708732e-02,3.060159591289065e-02,5.221779715066857e-09
4.991893769352350e-03,3.203674881114893e-02,3.203674885914129e-02,5.679716710324984e-09
5.032020133303715e-03,3.353799665801370e-02,3.353799670829990e-02,6.261385438630481e-09
5.072469045201481e-03,3.510830463804150e-02,3.510830469073141e-02,6.967775310615554e-09
5.113243097784373e-03,3.675076588982146e-02,3.675076594503027e-02,7.398500699754765e-09
5.154344904632343e-03,3.846860664302495e-02,3.846860670087347e-02,8.245557584692731e-09
5.195777100334090e-03,4.026519158915134e-02,4.026519164976623e-02,9.557056902781612e-09
5.237542340655945e-03,4.214402944547350e-02,4.214402950898756e-02,9.964161970409327e-09
5.279643302712097e-03,4.410877871752938e-02,4.410877878408189e-02,1.119258378958887e-08
5.322082685136194e-03,4.616325366553589e-02,4.616325373527294e-02,1.232891597962020e-08
5.364863208254325e-03,4.831143048012221e-02,4.831143055319700e-02,1.365578574415967e-08
5.407987614259389e-03,5.055745367278448e-02,5.055745374935774e-02,1.388335372865095e-08
5.451458667386867e-03,5.290564268646126e-02,5.290564276670155e-02,1.675007750291301e-08
5.495279154092010e-03,5.536049873160762e-02,5.536049881569181e-02,1.820100393637307e-08
5.539451883228442e-03,5.792671185311109e-02,5.792671194122474e-02,1.943340623790644e-08
5.583979686228212e-03,6.060916823334127e-02,6.060916832567909e-02,2.004811215698233e-08
5.628865417283280e-03,6.341295773655325e-02,6.341295783331956e-02,2.360123742624590e-08
5.674111953528474e-03,6.634338169977556e-02,6.634338180118476e-02,2.457281879142263e-08
5.719722195225907e-03,6.940596097520031e-02,6.940596108147747e-02,2.856836997247883e-08
5.765699065950885e-03,7.260644422895760e-02,7.260644434033892e-02,3.064120001723232e-08
5.812045512779301e-03,7.595081650099553e-02,7.595081661772903e-02,3.387153235455271e-08
5.858764506476545e-03,7.944530803059865e-02,7.944530815294468e-02,3.766090654364544e-08
5.905859041687921e-03,8.309640335185794e-02,8.309640348008986e-02,4.297547191187085e-08
5.953332137130610e-03,8.691085066315901e-02,8.691085079756390e-02,4.470468354900356e-08
6.001186835787159e-03,9.089567147446689e-02,9.089567161534627e-02,5.122790174328927e-08
6.049426205100536e-03,9.505817053586968e-02,9.505817068354022e-02,5.200513184301986e-08
6.098053337170752e-03,9.940594605047955e-02,9.940594620527393e-02,5.800594367982256e-08
6.147071348953061e-03,1.039469001743906e-01,1.039469003366584e-01,6.396105075404094e-08
6.196483382457753e-03,1.086892498059452e-01,1.086892499760536e-01,7.219904990144316e-08
6.246292604951553e-03,1.136415376660656e-01,1.136415378444006e-01,7.789519308424363e-08
6.296502209160643e-03,1.188126436708624e-01,1.188126438578297e-01,8.508983078796313e-08
6.347115413475312e-03,1.242117965971312e-01,1.242117967931571e-01,9.768756939053926e-08
6.398135462156249e-03,1.298485860406891e-01,1.298485862462219e-01,1.011658461939312e-07
6.449565625542504e-03,1.357329746667855e-01,1.357329748822967e-01,1.129996386813385e-07
6.501409200261103e-03,1.418753107510328e-01,1.418753109770181e-01,1.228183008641452e-07
6.553669509438371e-03,1.482863410084510e-01,1.482863412454318e-01,1.366370279852208e-07
6.606349902912931e-03,1.549772237072889e-01,1.549772239558137e-01,1.472133067230570e-07
6.659453757450432e-03,1.619595420632789e-01,1.619595423239249e-01,1.713100645521196e-07
6.712984476959997e-03,1.692453179088961e-01,1.692453181822704e-01,1.698511495626654e-07
6.766945492712402e-03,1.768470256310091e-01,1.768470259177508e-01,1.926871184221673e-07
6.821340263560031e-03,1.847776063690519e-01,1.847776066698339e-01,2.166129713113592e-07
6.876172276158572e-03,1.930504824644706e-01,1.930504827800011e-01,2.390456259655680e-07
6.931445045190518e-03,2.016795721507395e-01,2.016795724817642e-01,2.490602992866383e-07
6.987162113590450e-03,2.106793044716610e-01,2.106793048189655e-01,2.907886400475881e-07
7.043327052772131e-03,2.200646344139787e-01,2.200646347783902e-01,3.123329801166649e-07
7.099943462857462e-03,2.298510582385318e-01,2.298510586209219e-01,3.668830277716727e-07
7.157014972907183e-03,2.400546289922182e-01,2.400546293935053e-01,3.641483060212043e-07
7.214545241153556e-03,2.506919721810392e-01,2.506919726021911e-01,4.129112713633730e-07
7.272537955234825e-03,2.617803015822131e-01,2.617803020242501e-01,4.309849769122857e-07
7.330996832431590e-03,2.733374351710772e-01,2.733374356350748e-01,5.476400844174545e-07
7.389925619905090e-03,2.853818111359732e-01,2.853818116230654e-01,5.299076163058852e-07
7.449328094937379e-03,2.979325039516707e-01,2.979325044630537e-01,5.905387602058944e-07
7.509208065173485e-03,3.110092404790981e-01,3.110092410160334e-01,6.206913852001930e-07
7.569569368865404e-03,3.246324160561229e-01,3.246324166199415e-01,7.309600616611149e-07
7.630415875118201e-03,3.388231105410675e-01,3.388231111331739e-01,7.624765422562270e-07
7.691751484137980e-03,3.536031042672134e-01,3.536031048890898e-01,8.327610770887490e-07
7.753580127481881e-03,3.689948938631012e-01,3.689948945163121e-01,9.158828197289601e-07
7.815905768310134e-03,3.850217078897147e-01,3.850217085759120e-01,1.035991453880299e-06
7.878732401640000e-03,4.017075222416671e-01,4.017075229625948e-01,1.151516054337841e-06
7.942064054601973e-03,4.190770752555284e-01,4.190770760130287e-01,1.254066354360854e-06
8.005904786697793e-03,4.371558824639052e-01,4.371558832599239e-01,1.394344365092842e-06
8.070258690060741e-03,4.559702509295651e-01,4.559702517661577e-01,1.458660957935584e-06
8.135129889717912e-03,4.755472930889436e-01,4.755472939682823e-01,1.817681063489594e-06
8.200522543854612e-03,4.959149400294867e-01,4.959149409538670e-01,1.767873399752241e-06
8.266440844080944e-03,5.171019541200396e-01,5.171019550918879e-01,1.943387655984781e-06
8.332889015700392e-03,5.391379409079656e-01,5.391379419298470e-01,2.189674140722290e-06
8.399871317980784e-03,5.620533601911393e-01,5.620533612657658e-01,2.330029171378839e-06
8.467392044427185e-03,5.858795361667761e-01,5.858795372970159e-01,2.488555715908121e-06
8.535455523057182e-03,6.106486665531596e-01,6.106486677420460e-01,2.850828327878298e-06
8.604066116678320e-03,6.363938305736813e-01,6.363938318244229e-01,3.073664825288933e-06
8.673228223167654e-03,6.631489956859971e-01,6.631489970019885e-01,3.195870579068106e-06
8.742946275753793e-03,6.909490229323575e-01,6.909490243171905e-01,3.898471098025818e-06
8.813224743300908e-03,7.198296707796751e-01,7.198296722371506e-01,4.181466232070903e-06
8.884068130595337e-03,7.498275973109538e-01,7.498275988450945e-01,4.383934483694755e-06
8.955480978634226e-03,7.809803606216376e-01,7.809803622367013e-01,5.052422288282156e-06
9.027467864916618e-03,8.133264172669641e-01,8.133264189674581e-01,5.402171345974870e-06
9.100033403736956e-03,8.469051185982145e-01,8.469051203889107e-01,5.440514184196945e-06
9.173182246480711e-03,8.817567048173672e-01,8.817567067033183e-01,6.369591907942175e-06
9.246919081922680e-03,9.179222965715953e-01,9.179222985581512e-01,7.065163472303203e-06
9.321248636527394e-03,9.554438838999576e-01,9.554438859927842e-01,7.224215788087741e-06
9.396175674752205e-03,9.943643123363760e-01,9.943643145414737e-01,8.217130135290440e-06
9.471704999352603e-03,1.034727265963629e+00,1.034727268287353e+00,9.443819835287512e-06
9.547841451690058e-03,1.076577247204441e+00,1.076577249653524e+00,9.657763655078877e-06
9.624589912042450e-03,1.119959553126575e+00,1.119959555708146e+00,1.052682688449151e-05
9.701955299916741e-03,1.164920248029465e+00,1.164920250751079e+00,1.214216107675728e-05
9.779942574364459e-03,1.211506132071319e+00,1.211506134940977e+00,1.212796434782349e-05
9.858556734299459e-03,1.259764705685862e+00,1.259764708712041e+00,1.365550621583528e-05
9.937802818818401e-03,1.309744129529435e+00,1.309744132721116e+00,1.509607716642105e-05
1.001768590752375e-02,1.361493179689883e+00,1.361493183056579e+00,1.585910975258825e-05
1.009821112084933e-02,1.415061197880015e+00,1.415061201431807e+00,1.891123213182230e-05
1.017938362038862e-02,1.470498036330109e+00,1.470498040077675e+00,1.883658572147379e-05
1.026120860922552e-02,1.527853997085261e+00,1.527854001039913e+00,2.055498313595060e-05
1.034369133226794e-02,1.587179765406230e+00,1.587179769579951e+00,2.325995121923100e-05
1.042683707658394e-02,1.648526336964275e+00,1.648526341369760e+00,2.428709520675381e-05
1.051065117174062e-02,1.711944938514259e+00,1.711944943164953e+00,2.762232670410882e-05
1.059513899014583e-02,1.777486941723818e+00,1.777486946633963e+00,3.052703432144177e-05
1.068030594739240e-02,1.845203769830615e+00,1.845203775015295e+00,3.351790114417934e-05
1.076615750260540e-02,1.915146796795714e+00,1.915146802270902e+00,3.691560957062352e-05
1.085269915879199e-02,1.987367238616504e+00,1.987367244399114e+00,3.994884387893345e-05
1.093993646319417e-02,2.061916036460700e+00,2.061916042568641e+00,4.511607905228841e-05
1.102787500764440e-02,2.138843731280991e+00,2.138843737733222e+00,4.652556334325783e-05
1.111652042892392e-02,2.218200329569887e+00,2.218200336386477e+00,5.081891678561398e-05
1.120587840912421e-02,2.300035159915901e+00,2.300035167118088e+00,5.702836669273410e-05
1.129595467601112e-02,2.384396720024623e+00,2.384396727634884e+00,5.881672341457692e-05
1.138675500339200e-02,2.471332513873739e+00,2.471332521915853e+00,6.065318259329779e-05
1.147828521148583e-02,2.560888878677302e+00,2.560888887176421e+00,7.213164149559883e-05
1.157055116729630e-02,2.653110801343739e+00,2.653110810326466e+00,7.801845792113654e-05
1.166355878498788e-02,2.748041724123413e+00,2.748041733617878e+00,8.466297463499642e-05
1.175731402626482e-02,2.845723339155330e+00,2.845723349191265e+00,9.469949489347765e-05
1.185182290075347e-02,2.946195371639639e+00,2.946195382248473e+00,9.662687300864235e-05
1.194709146638732e-02,3.049495351381633e+00,3.049495362596569e+00,1.116054212302138e-04
1.204312582979540e-02,3.155658372476730e+00,3.155658384332843e+00,1.187610410475952e-04
1.213993214669368e-02,3.264716840931784e+00,3.264716853466111e+00,1.249816544841013e-04
1.223751662227964e-02,3.376700210048553e+00,3.376700223300195e+00,1.410531109913249e-04
1.233588551163006e-02,3.491634703429325e+00,3.491634717439545e+00,1.514448402754888e-04
1.243504512010191e-02,3.609543025503214e+00,3.609543040315545e+00,1.574489631710212e-04
1.253500180373654e-02,3.730444059514639e+00,3.730444075174989e+00,1.793895644908715e-04
1.263576196966712e-02,3.854352552963384e+00,3.854352569520150e+00,1.939810735248161e-04
1.273733207652928e-02,3.981278790538601e+00,3.981278808042782e+00,2.168808375342559e-04
1.283971863487516e-02,4.111228254647395e+00,4.111228273152712e+00,2.242009446458684e-04
1.294292820759068e-02,4.244201273702689e+00,4.244201293265704e+00,2.555624059230408e-04
1.304696741031625e-02,4.380192658404943e+00,4.380192679085182e+00,2.685248217004107e-04
1.315184291187082e-02,4.519191326328443e+00,4.519191348188524e+00,2.969612671059050e-04
1.325756143467932e-02,4.661179915205549e+00,4.661179938311309e+00,3.465002439520963e-04
1.336412975520361e-02,4.806134385391553e+00,4.806134409812175e+00,3.464417985559543e-04
1.347155470437678e-02,4.954023612089230e+00,4.954023637897376e+00,3.723449925035994e-04
1.357984316804108e-02,5.104808968015685e+00,5.104808995287626e+00,4.129389336297753e-04
1.368900208738923e-02,5.258443897305039e+00,5.258443926120790e+00,4.514394209983370e-04
1.379903845940939e-02,5.414873481559174e+00,5.414873512002626e+00,4.761780201464124e-04
1.390995933733363e-02,5.574033999085015e+00,5.574034031244060e+00,5.070457145225965e-04
1.402177183109008e-02,5.735852478491154e+00,5.735852512457820e+00,5.279775955589059e-04
1.413448310775860e-02,5.900246247958763e+00,5.900246283829338e+00,5.742405235509245e-04
1.424810039203024e-02,6.067122481652067e+00,6.067122519527222e+00,6.319202198442635e-04
1.436263096667032e-02,6.236377744891799e+00,6.236377784876708e+00,6.848021282130216e-04
1.447808217298526e-02,6.407897539881295e+00,6.407897582085743e+00,7.658481620608341e-04
1.459446141129312e-02,6.581555853948816e+00,6.581555898487315e+00,8.077292665907062e-04
1.471177614139798e-02,6.757214712451308e+00,6.757214759443180e+00,8.848958280726431e-04
1.483003388306810e-02,6.934723738673653e+00,6.934723788243129e+00,9.660116656669590e-04
1.494924221651792e-02,7.113919723253311e+00,7.113919775529602e+00,9.780424253006497e-04
1.506940878289398e-02,7.294626205862537e+00,7.294626260979901e+00,1.113484029320195e-03
1.519054128476466e-02,7.476653072088549e+00,7.476653130186335e+00,1.127865801845458e-03
1.531264748661394e-02,7.659796168665422e+00,7.659796229888102e+00,1.291690090358889e-03
1.543573521533909e-02,7.843836940429171e+00,7.843837004926351e+00,1.356417377309654e-03
1.555981236075237e-02,8.028542092588831e+00,8.028542160515242e+00,1.517466816058924e-03
1.568488687608676e-02,8.213663282129673e+00,8.213663353645138e+00,1.646445938811970e-03
1.581096677850574e-02,8.398936842389491e+00,8.398936917658858e+00,1.708404287180839e-03
1.593806014961719e-02,8.584083545072957e+00,8.584083624266015e+00,1.908564583454252e-03
1.606617513599144e-02,8.768808404191521e+00,8.768808487482866e+00,1.909493051538926e-03
1.619531994968342e-02,8.952800526634805e+00,8.952800614203692e+00,2.131119432708351e-03
1.632550286875906e-02,9.135733014292335e+00,9.135733106322473e+00,2.188994426809076e-03
1.645673223782592e-02,9.317262922849535e+00,9.317263019528845e+00,2.373676683793116e-03
1.658901646856804e-02,9.497031282576476e+00,9.497031384096804e+00,2.683609807324619e-03
1.672236404028516e-02,9.674663186609827e+00,9.674663293166605e+00,2.639289849111082e-03
1.685678350043620e-02,9.849767952394329e+00,9.849768064186183e+00,2.763448379784740e-03
1.699228346518716e-02,1.002193936209756e+01,1.002193947932587e+01,3.228507430631459e-03
1.712887261996347e-02,1.019075598793679e+01,1.019075611080514e+01,3.457048246039816e-03
1.726655972000654e-02,1.035578160845558e+01,1.035578173716925e+01,3.686426868476461e-03
1.740535359093518e-02,1.051656572185913e+01,1.051656585662437e+01,3.755617365989440e-03
1.754526312931117e-02,1.067264416255175e+01,1.067264430357512e+01,4.115865720625320e-03
1.768629730320955e-02,1.082353982702034e+01,1.082353997450785e+01,4.368104497497000e-03
1.782846515279358e-02,1.096876351516307e+01,1.096876366931935e+01,4.563501249142855e-03
1.797177579089395e-02,1.110781489307203e+01,1.110781505409933e+01,4.853378828650854e-03
1.811623840359321e-02,1.124018358313725e+01,1.124018375123437e+01,5.231014641348270e-03
1.826186225081435e-02,1.136535038713870e+01,1.136535056249985e+01,5.883406020630179e-03
1.840865666691446e-02,1.148278864773351e+01,1.148278883054705e+01,6.206197398876763e-03
1.855663106128306e-02,1.159196575341587e+01,1.159196594386295e+01,6.433862904017739e-03
1.870579491894519e-02,1.169234479162650e+01,1.169234498987962e+01,6.757632448713381e-03
1.885615780116948e-02,1.178338635420931e+01,1.178338656043074e+01,7.231451167098293e-03
1.900772934608081e-02,1.186455049884970e+01,1.186455071318980e+01,7.496360136191337e-03
1.916051926927842e-02,1.193529886947805e+01,1.193529909207354e+01,8.195767527862207e-03
1.931453736445835e-02,1.199509697787548e+01,1.199509720884751e+01,8.453427351323175e-03
1.946979350404142e-02,1.204341664787534e+01,1.204341688732753e+01,9.305632543486694e-03
1.962629763980602e-02,1.207973862260490e+01,1.207973887062126e+01,9.468427344765322e-03
1.978405980352585e-02,1.210355533415606e+01,1.210355559079879e+01,1.064898009138469e-02
1.994309010761322e-02,1.211437383390589e+01,1.211437409921308e+01,1.037255992281805e-02
2.010339874576693e-02,1.211171888042469e+01,1.211171915440802e+01,1.098765748968625e-02
2.026499599362599e-02,1.209513618050939e+01,1.209513646315161e+01,1.212481157514348e-02
2.042789220942801e-02,1.206419577735979e+01,1.206419606861226e+01,1.186620577292515e-02
2.059209783467332e-02,1.201849557827625e+01,1.201849587805638e+01,1.297329280576730e-02
2.075762339479427e-02,1.195766501249786e+01,1.195766532068649e+01,1.382675778288910e-02
2.092447949982970e-02,1.188136880792329e+01,1.188136912436207e+01,1.414969897099162e-02
2.109267684510535e-02,1.178931087346402e+01,1.178931119795280e+01,1.424134535665138e-02
2.126222621191909e-02,1.168123827167823e+01,1.168123860397247e+01,1.541476682727194e-02
2.143313846823227e-02,1.155694526412592e+01,1.155694560393412e+01,1.685192845055172e-02
2.160542456936618e-02,1.141627740958529e+01,1.141627775656653e+01,1.660882346284487e-02
2.177909555870427e-02,1.125913569288169e+01,1.125913604664330e+01,1.757966607127450e-02
2.195416256840019e-02,1.108548065962085e+01,1.108548101971616e+01,1.753493133166900e-02
2.213063682009109e-02,1.089533652960042e+01,1.089533689552679e+01,1.855827730788201e-02
2.230852962561721e-02,1.068879525911443e+01,1.068879563031146e+01,1.857845292778889e-02
2.248785238774672e-02,1.046602051978919e+01,1.046602089563724e+01,1.943398555123164e-02
2.266861660090672e-02,1.022725155901252e+01,1.022725193883154e+01,1.956018934742940e-02
2.285083385192007e-02,9.972806904474631e+00,9.972807287523429e+00,2.053183731484792e-02
2.303451582074793e-02,9.703087872852333e+00,9.703088258328266e+00,2.231877193885716e-02
2.321967428123874e-02,9.418581840272523e+00,9.418582227311736e+00,2.144864433248847e-02
2.340632110188250e-02,9.119865229925505e+00,9.119865617603743e+00,2.193933804588755e-02
2.359446824657194e-02,8.807606170092903e+00,8.807606557427007e+00,2.390702099829980e-02
2.378412777536910e-02,8.482566773965177e+00,8.482567159915318e+00,2.410691163614777e-02
2.397531184527852e-02,8.145604990978825e+00,8.145605374451554e+00,2.316378092996239e-02
2.416803271102644e-02,7.797675978065673e+00,7.797676357917894e+00,2.292912781804013e-02
2.436230272584625e-02,7.439832938217540e+00,7.439833313261457e+00,2.361073219780595e-02
2.455813434227054e-02,7.073227373184838e+00,7.073227742193994e+00,2.415434315972240e-02
2.475554011292906e-02,6.699108697006763e+00,6.699109058723240e+00,2.343276734270877e-02
2.495453269135344e-02,6.318823157460463e+00,6.318823510603322e+00,2.450831584081858e-02
2.515512483278825e-02,5.933812013486721e+00,5.933812356761803e+00,2.148927327038477e-02
2.535732939500862e-02,5.545608918248804e+00,5.545609250359919e+00,2.358573123631590e-02
2.556115933914441e-02,5.155836459772024e+00,5.155836779433661e+00,2.160511655294655e-02
2.576662773051090e-02,4.766201814149950e+00,4.766202120101545e+00,2.119881755014269e-02
2.597374773944649e-02,4.378491470141229e+00,4.378491761163068e+00,2.108071680029091e-02
2.618253264215671e-02,3.994564988675958e+00,3.994565263606770e+00,2.110407152556068e-02
2.639299582156527e-02,3.616347766378879e+00,3.616348024135158e+00,1.958748651403437e-02
2.660515076817191e-02,3.245822778751401e+00,3.245823018348501e+00,1.840318216786328e-02
2.681901108091713e-02,2.885021286159700e+00,2.885021506734695e+00,1.770933308281556e-02
2.703459046805385e-02,2.536012494281919e+00,2.536012695118240e+00,1.573858357028790e-02
2.725190274802609e-02,2.200892170187344e+00,2.200892350741162e+00,1.473481627214052e-02
2.747096185035478e-02,1.881770225756850e+00,1.881770385685151e+00,1.347641174334881e-02
2.769178181653055e-02,1.580757291696381e+00,1.580757430886657e+00,1.235738183724286e-02
2.791437680091381e-02,1.299950317916870e+00,1.299950436518309e+00,1.034564696769478e-02
2.813876107164206e-02,1.041417249511351e+00,1.041417347967408e+00,9.067041845410828e-03
2.836494901154441e-02,8.071808418899959e-01,8.071809209721321e-01,7.374268389631063e-03
2.859295511906356e-02,5.992016937526017e-01,5.992017545950005e-01,5.446869899641862e-03
2.882279400918510e-02,4.193605923799247e-01,4.193606365149151e-01,3.974306091764045e-03
2.905448041437434e-02,2.694402820797329e-01,2.694403114736162e-01,2.883881244428605e-03
2.928802918552061e-02,1.511067833757757e-01,1.511068004647058e-01,1.762907611940443e-03
2.952345529288925e-02,6.589040749637627e-02,6.589041522189422e-02,7.954978913542525e-04
2.976077382708114e-02,1.516662769601929e-02,1.516662953979279e-02,1.916446061926178e-04
3.000000000000001e-02,1.369856925812861e-04,1.369857098494498e-04,8.010784179427568e-07
