5.00000000000001e-6,3.610100981660052e-20,3.610100987052782e-20,6.327069878116498e-45
5.0623599377924525e-6,3.888816459725078e-20,3.888816465534151e-20,3.493307080400484e-45
5.125497627953191e-6,4.189049983077709e-20,4.189049989335268e-20,-4.918255402573513e-44
5.1894227706000754e-6,4.512462838223314e-20,4.512462844963983e-20,2.5557376571225154e-44
5.254145186830737e-6,4.860844570193338e-20,4.860844577454416e-20,-3.5276899983723127e-44
5.319674820231383e-6,5.236122884659235e-20,5.2361228924809e-20,1.4283214980037977e-44
5.386021738404514e-6,5.640374314533057e-20,5.640374322958589e-20,-1.0036804303792035e-44
5.453196134515633e-6,6.075835710075429e-20,6.075835719151449e-20,2.849929062438324e-44
5.52120832885931e-6,6.544916616090047e-20,6.544916625866774e-20,1.1713872059553336e-43
5.590068770444667e-6,7.050212604690461e-20,7.050212615221994e-20,5.019531108402729e-44
5.659788038600748e-6,7.594519637414894e-20,7.594519648759507e-20,8.527346725915909e-45
5.730376844601848e-6,8.180849536158043e-20,8.180849548378509e-20,2.589469167231841e-44
5.801846033313173e-6,8.812446648526338e-20,8.812446661690277e-20,1.5596725829849364e-43
5.874206584856922e-6,9.492805799829792e-20,9.492805814010045e-20,6.314936628617907e-44
5.947469616299249e-6,1.0225691631046253e-19,1.0225691646321284e-19,6.973216113284546e-44
6.02164638335821e-6,1.1015159429759592e-19,1.101515944621392e-19,7.700115744183125e-44
6.0967482821330714e-6,1.1865577569337205e-19,1.1865577587061878e-19,8.502788599162118e-44
6.172786850855072e-6,1.27816516805077e-19,1.2781651699600795e-19,2.5179948676385384e-43
6.249773771660138e-6,1.3768450689090337e-19,1.3768450709657501e-19,1.74368760800732e-43
6.327720872383639e-6,1.4831434863948923e-19,1.4831434886103962e-19,5.203925675317563e-44
6.406640128377597e-6,1.5976486030370056e-19,1.5976486054235563e-19,1.3216700516193505e-43
6.486543664350436e-6,1.7209940116042983e-19,1.7209940141751008e-19,1.9670755260693297e-43
6.5674437562298076e-6,1.8538622209731685e-19,1.8538622237424482e-19,-2.1020581400207986e-44
6.649352833048565e-6,1.9969884326626728e-19,1.996988435645753e-19,3.4043975828516315e-43
6.732283478854348e-6,2.1511646089347046e-19,2.1511646121480917e-19,2.5631438440787815e-43
6.816248434642838e-6,2.317243854968821e-19,2.3172438584302953e-19,2.264264170139302e-43
6.901260600315271e-6,2.4961451393601647e-19,2.4961451430888796e-19,3.333726433473309e-43
6.9873330366602766e-6,2.688858379060047e-19,2.688858383076635e-19,4.0263558225424644e-43
7.0744789673605195e-6,2.8964499168961053e-19,2.896449921222791e-19,3.556855867634856e-43
7.162711781024229e-6,3.1200684219803397e-19,3.120068426641064e-19,4.2081733121842935e-43
7.2520450332422035e-6,3.3609512456544526e-19,3.360951250675006e-19,1.486988889479553e-42
7.342492448670384e-6,3.6204312681413936e-19,3.620431273549555e-19,4.789152310795725e-43
7.434067923138498e-6,3.899944273788228e-19,3.8999442796139228e-19,-1.5109661403569855e-43
7.52678552578484e-6,4.2010368957091184e-19,4.2010369019845825e-19,1.0010830540425038e-42
7.620659501217841e-6,4.5253751737894845e-19,4.525375180549442e-19,1.6120965170488697e-43
7.715704271704492e-6,4.874753773404693e-19,4.874753780686549e-19,2.2124648485549697e-42
7.811934439386168e-6,5.251105915863968e-19,5.251105923708014e-19,1.7410568143936333e-42
7.909364788521921e-6,5.656514075526767e-19,5.656514083976407e-19,9.922825615039047e-43
8.008010287759914e-6,6.093221502783263e-19,6.093221511885253e-19,3.013229286218207e-42
8.107886092437087e-6,6.563644636658227e-19,6.563644646462929e-19,1.8905302845888548e-42
8.209007546907605e-6,7.070386475721842e-19,7.070386486283509e-19,1.2525613765515855e-42
8.311390186900177e-6,7.616250981291686e-19,7.61625099266876e-19,6.454608765688989e-43
8.41504974190494e-6,8.20425859262467e-19,8.204258604880104e-19,4.1746480419578186e-42
8.520002137590023e-6,8.83766293994823e-19,8.837662953149836e-19,5.509297394499543e-42
8.626263498248342e-6,9.519968847809955e-19,9.51996886203078e-19,5.897363158582942e-42
8.73385014927474e-6,1.0254951728362323e-18,1.025495174368106e-18,4.866948402742424e-42
8.842778619674197e-6,1.1046678471893483e-18,1.1046678488394893e-18,8.70483131953829e-42
8.953065644601226e-6,1.189952995019629e-18,1.1899529967971682e-18,5.265834372573554e-42
9.064728167931024e-6,1.2818225257294898e-18,1.2818225276442626e-18,8.399088625156643e-42
9.177783344862541e-6,1.3807847821658407e-18,1.3807847842284422e-18,1.1822597018801242e-41
9.29224854455417e-6,1.4873873534390926e-18,1.487387355660936e-18,1.2492288400702497e-41
9.408141352792214e-6,1.6022201049038018e-18,1.602220107297181e-18,6.710840372727419e-42
9.52547957469274e-6,1.7259184420669372e-18,1.7259184446450957e-18,1.6604761598149527e-41
9.644281237436947e-6,1.8591668264836934e-18,1.8591668292608967e-18,1.48503768760168e-41
9.764564593040824e-6,2.002702563095745e-18,2.0027025660873605e-18,1.957768726382428e-41
9.886348121159268e-6,2.1573198799681664e-18,2.1573198831907476e-18,1.9031668959340107e-41
0.000010009650531925254,2.3238743229996646e-18,2.3238743264710432e-18,2.142363074576651e-41
0.000010134490768824244,2.503287489923052e-18,2.503287493662436e-18,3.0641273303881407e-41
0.000010260888011604638,2.6965521297911182e-18,2.6965521338191988e-18,4.1050265388132545e-41
0.000010388861679224394,2.9047376361644803e-18,2.9047376405035457e-18,3.2142674575187253e-41
0.00001051843143283454,3.1289959643973092e-18,3.1289959690713694e-18,5.126807119438527e-41
0.000010649617178799668,3.3705680057624643e-18,3.3705680107973825e-18,5.058262294582435e-41
0.000010782439071756324,3.6307904536867605e-18,3.6307904591103964e-18,7.841955683165509e-41
0.000010916917517709407,3.911103200088765e-18,3.9111032059311286e-18,8.741106671940979e-41
0.000011053073177167326,4.2130573027457585e-18,4.2130573090391775e-18,9.742502410344956e-41
0.00001119092696831602,4.538323567775043e-18,4.538323574554342e-18,8.815646375962742e-41
0.000011330500070232812,4.888701794719978e-18,4.8887018020226684e-18,1.0999552421934918e-40
0.000011471813926140186,5.266130735395825e-18,5.266130743262314e-18,1.396808848829613e-40
0.000011614890246700303,5.672698821601423e-18,5.672698830075239e-18,1.7234805564227608e-40
0.00001175975101335036,6.1106557210553566e-18,6.110655730183388e-18,2.0882692637585353e-40
0.00001190641848167979,6.582424785500318e-18,6.5824247953330725e-18,2.093348214284753e-40
0.000012054915184849458,7.090616459853947e-18,7.090616470445833e-18,2.2483554989416076e-40
0.000012205263937053512,7.638042726603197e-18,7.638042738012822e-18,2.7918224012996362e-40
0.000012357487837024512,8.227732665367975e-18,8.227732677658472e-18,3.3911312204979593e-40
0.000012511610271582056,8.862949213728453e-18,8.86294922696783e-18,3.598733709613753e-40
0.00001266765491922586,9.547207222060346e-18,9.547207236321859e-18,4.739110425834288e-40
0.000012825645753773672,1.0284292902280441e-17,1.0284292917643005e-17,4.951453575792827e-40
0.00001298560704804432,1.107828477811688e-17,1.10782847946655e-17,5.778632445180892e-40
0.00001314756337758695,1.193357625283051e-17,1.1933576270656755e-17,6.941378272030519e-40
0.000013311539624456654,1.2854899919259553e-17,1.285489993846206e-17,7.684919778174497e-40
0.000013477560981037178,1.3847353746702891e-17,1.3847353767387916e-17,9.433796392906196e-40
0.000013645652953911445,1.4916429289542624e-17,1.4916429311824622e-17,1.0952653896811112e-39
0.000013815841367780082,1.6068042073690193e-17,1.6068042097692457e-17,1.2443769613924053e-39
0.000013988152369429088,1.730856432899655e-17,1.7308564354851892e-17,1.3622216447733068e-39
0.000014162612431746822,1.8644860248741925e-17,1.8644860276593408e-17,1.5337164093482967e-39
0.000014339248357791263,2.0084323971308612e-17,2.008432400131035e-17,1.93605242376826e-39
0.000014518087284907714,2.1634920494197304e-17,2.163492052651531e-17,2.20180599105346e-39
0.000014699156688898135,2.330522974678047e-17,2.3305229781593562e-17,2.6298914864123564e-39
0.000014882484388242317,2.510449406565703e-17,2.5104494103157844e-17,3.172025550671598e-39
0.000015068098548371876,2.7042669335306372e-17,2.704266937570241e-17,3.2498008324142566e-39
0.00001525602768599725,2.913048007701338e-17,2.9130480120528164e-17,4.2539947306161396e-39
0.000015446300673488966,3.137947879089358e-17,3.1379478837767893e-17,4.6646347582485707e-39
0.000015638946743313363,3.3802109879370396e-17,3.3802109929863614e-17,5.940541216966418e-39
0.000015833995492523832,3.641177850581603e-17,3.641177856020754e-17,6.287801522876825e-39
0.000016031476887307753,3.9222924769364586e-17,3.922292482795535e-17,7.252430117536496e-39
0.000016231421267590453,4.225110360633628e-17,4.2251103669450505e-17,8.740021924646527e-39
0.000016433859351696394,4.551307086038397e-17,4.5513070928370883e-17,9.801894441227914e-39
0.000016638822241068705,4.9026875997619115e-17,4.902687607085491e-17,1.1097224926648741e-38
0.000016846341425047215,5.2811961979727466e-17,5.281196205861738e-17,1.3409809330734778e-38
0.000017056448785706457,5.688927284771339e-17,5.688927293269394e-17,1.5257265930432645e-38
0.00001726917660275375,6.128136961155407e-17,6.128136970309549e-17,1.7728529404769943e-38
0.000017484557558488637,6.601255508702423e-17,6.601255518563304e-17,2.159259652759171e-38
0.000017702624742823786,7.110900837043564e-17,7.110900847665747e-17,2.3862971687280326e-38
0.000017923411658368876,7.659892969539462e-17,7.659892980981723e-17,2.837744712897235e-38
0.000018146952225577684,8.251269647309917e-17,8.25126965963557e-17,3.266898629766158e-38
0.000018373280787959576,8.888303137960098e-17,8.888303151237343e-17,3.812533449156819e-38
0.000018602432117355626,9.574518342009165e-17,9.57451835631147e-17,4.4277145712582097e-38
0.000018834441419280915,1.0313712297211278e-16,1.0313712312617782e-16,5.033540155560753e-38
0.00001906934433833323,1.1109975188690287e-16,1.1109975205286241e-16,6.085746718499728e-38
0.000019307176963669457,1.1967712981144504e-16,1.1967712999021734e-16,6.856961281367007e-38
0.00001954797583454988,1.2891671798349784e-16,1.2891671817607214e-16,7.951624163606967e-38
0.000019791777945952023,1.3886964184862184e-16,1.3886964205606369e-16,9.285799065263591e-38
0.000020038620754254264,1.4959097395231297e-16,1.4959097417577022e-16,1.0574853895176408e-37
0.000020288542182990595,1.611400386725843e-16,1.611400389132934e-16,1.2415373711649924e-37
0.000020541580628676726,1.735807404791348e-16,1.7358074073842766e-16,1.4717251509924878e-37
0.000020797774966709272,1.8698191753549145e-16,1.8698191781480284e-16,1.6988490800012775e-37
0.00002105716455733827,2.0141772260067326e-16,2.0141772290154866e-16,1.967506366470997e-37
0.000021319789251714443,2.1696803333803533e-16,2.1696803366213962e-16,2.2590225353464615e-37
0.000021585689398011423,2.3371889430160486e-16,2.3371889465073137e-16,2.6414668967466796e-37
0.00002185490584762482,2.5176299304559097e-16,2.5176299342167153e-16,3.045376802947188e-37
0.00002212747996144834,2.712001729914712e-16,2.712001733965868e-16,3.6106806080327204e-37
0.00002240345361622818,2.9213798589049934e-16,2.9213798632689157e-16,4.096280757429421e-37
0.000022682869210996955,3.1469228693857975e-16,3.1469228740866334e-16,4.835429913048368e-37
0.000022965769673587333,3.3898787583637844e-16,3.389878763427544e-16,5.571361803946074e-37
0.000023252198467227384,3.651591873418995e-16,3.651591878873699e-16,6.460081937985423e-37
0.00002354219959721815,3.9335103513650724e-16,3.9335103572409023e-16,7.4009493383356125e-37
0.00002383581761769411,4.2371941312035895e-16,4.237194137533059e-16,8.718812167665696e-37
0.000024133097638468393,4.564323585711065e-16,4.564323592529196e-16,1.0067943728141715e-36
0.000024434085331963162,4.916708819418884e-16,4.916708826763403e-16,1.1539297921907256e-36
0.000024738826940226404,5.296299684434409e-16,5.296299692345956e-16,1.355453586435093e-36
0.00002504736928203651,5.705196569523803e-16,5.705196578046155e-16,1.5682609144321054e-36
0.00002535975976009494,6.145662022154326e-16,6.14566203133464e-16,1.8103598614607006e-36
0.000025676046368309053,6.62013326780506e-16,6.620133277694132e-16,2.106543541658263e-36
0.00002599627769916578,7.131235695818085e-16,7.131235706470635e-16,2.4540956185517987e-36
0.00002632050295119679,7.681797386409966e-16,7.681797397884939e-16,2.845153647569365e-36
0.000026648771936537278,8.274864759226602e-16,8.274864771587491e-16,3.2967382249057405e-36
0.000026981135088578773,8.913719430027653e-16,8.913719443342856e-16,3.823495575021984e-36
0.00002731764346971737,9.60189636877309e-16,9.601896383116282e-16,4.449993865169824e-36
0.000027658348779198914,1.0343203459585707e-15,1.0343203475036254e-15,5.155852114771238e-36
0.00002800330336106142,1.1141742570817753e-15,1.1141742587461146e-15,5.96817131344163e-36
0.000028352560212177102,1.200193225180985e-15,1.2001932269738184e-15,6.92425658218344e-36
0.000028706172990394673,1.292853218192774e-15,1.2928532201240215e-15,8.066164629411333e-36
0.000029064196022782697,1.3926669507157956e-15,1.3926669527961435e-15,9.381209158416809e-36
0.000029426684313976316,1.5001867209991594e-15,1.5001867232401188e-15,1.0854309732972325e-35
0.00002979369355462774,1.6160074669571255e-15,1.6160074693710963e-15,1.256527059104777e-35
0.00003016528012996248,1.7407700581199428e-15,1.7407700607202823e-15,1.4581618744299566e-35
0.00003054150112844169,1.875164841735665e-15,1.8751648445367614e-15,1.692165507913742e-35
0.000030922414350533186,2.019935462644711e-15,2.0199354656620636e-15,1.9694345807902187e-35
0.000031308078317591465,2.1758829780631063e-15,2.1758829813134112e-15,2.281636458493994e-35
0.00003169855228084859,2.3438702900425412e-15,2.343870293543783e-15,2.652798736933952e-35
0.00003209389623051743,2.524826920133134e-15,2.5248269239046866e-15,3.0772327947668484e-35
0.00003249417090500787,2.719754152667787e-15,2.7197541567305188e-15,3.5676192659583697e-35
0.00003289943780025853,2.9297305751275484e-15,2.9297305795039397e-15,4.1448671116414326e-35
0.000033309759179184553,3.1559180462436094e-15,3.1559180509578765e-15,4.793568567904506e-35
0.000033725198081243594,3.3995681248590614e-15,3.399568129937289e-15,5.566696099243634e-35
0.00003414581833212043,3.662028995122093e-15,3.662029000592381e-15,6.478103275262512e-35
0.00003457168455353298,3.94475292632982e-15,3.944752932222437e-15,7.51242349939175e-35
0.00003500286217316063,4.2493043086993544e-15,4.2493043150469055e-15,8.707956791150484e-35
0.00003543941743469578,4.577368309529138e-15,4.5773683163667465e-15,1.009478400067324e-34
0.00003588141740802139,4.9307601976477024e-15,4.930760205013201e-15,1.1731747582507897e-34
0.00003632892999951517,5.311435387743158e-15,5.311435395677304e-15,1.3627325932508466e-34
0.000036782023962482255,5.721500260150863e-15,5.721500268697558e-15,1.5778409735654589e-34
0.00003724076890771836,6.163223815967495e-15,6.16322382517403e-15,1.8327253210969917e-34
0.000037705235314203973,6.6390502319805264e-15,6.639050241897843e-15,2.1250095190561977e-34
0.00003817549453993254,7.151612384883e-15,7.151612395565974e-15,2.464069034061319e-34
0.000038651618832873725,7.703746419605054e-15,7.703746431112796e-15,2.8645426390659823e-34
0.00003913368134207277,8.298507442370535e-15,8.298507454766721e-15,3.3196169048223355e-34
0.00003962175612888896,8.939186425312602e-15,8.939186438665824e-15,3.854795203261255e-34
0.000040115918178373926,9.629328416183223e-15,9.629328430567368e-15,4.472402659859776e-34
0.000040616243410791874,1.037275215391435e-14,1.037275216940901e-14,5.186180323073842e-34
0.00004112280869328381,1.117357119856731e-14,1.117357121525822e-14,6.019874193300227e-34
0.00004163569185167656,1.2036216692584221e-14,1.2036216710563735e-14,6.990222840215395e-34
0.000042154971682439734,1.2965461879284988e-14,1.2965461898652593e-14,8.104323551797957e-34
0.00004268072796479147,1.3966448514272862e-14,1.3966448535135721e-14,9.407064883611165e-34
0.000043213041472955584,1.5044715315888083e-14,1.5044715338361638e-14,1.092066848854307e-33
0.00004375199398857074,1.620622861212761e-14,1.620622863633621e-14,1.2666098559684577e-33
0.00004429766831325526,1.7457415353607652e-14,1.7457415379685254e-14,1.4686772747155484e-33
0.00004485014828132815,1.8805198675231753e-14,1.880519870332265e-14,1.7056391324664497e-33
0.00004540951877268924,2.0257036203333585e-14,2.025703623359321e-14,1.9773987408693405e-33
0.00004597586572585918,2.1820961320249535e-14,2.1820961352845324e-14,2.2958908929094727e-33
0.00004654927615118283,2.350562761464693e-14,2.3505627649759242e-14,2.664027264792439e-33
0.00004712983814419694,2.532035676355335e-14,2.532035680137647e-14,3.09480866857902e-33
0.00004771764089916495,2.727519011102629e-14,2.7275190151769505e-14,3.587160012454173e-33
0.00004831277472277976,2.938094422884889e-14,2.938094427273764e-14,4.165175601055772e-33
0.00004891533104803833,3.1649270766680315e-14,3.1649270813957444e-14,4.8302263002853496e-33
0.00004952540244828871,3.409272092281233e-14,3.4092720973739444e-14,5.606475128084638e-33
0.000050143082651452906,3.672481489225887e-14,3.672481494711775e-14,6.506313129096423e-33
0.000050768466554426094,3.956011667643372e-14,3.956011673552791e-14,7.547930643558738e-33
0.00005140165023765644,4.2614314668352425e-14,4.261431473200891e-14,8.76215428818237e-33
0.00005204273097990617,4.59043084592352e-14,4.590430852780622e-14,1.0162539803611586e-32
0.000052691807273197326,4.94483023468229e-14,4.9448302420687855e-14,1.1788182319295324e-32
0.00005334897883794293,5.326590606278459e-14,5.32659061423522e-14,1.3682301535362521e-32
0.00005401434663826782,5.737824327655684e-14,5.737824336226737e-14,1.588062579638223e-32
0.000054688012897520185,6.180806847596419e-14,6.18080685682919e-14,1.8428598061051947e-32
0.00005537008111397641,6.657989287132686e-14,6.657989297078262e-14,2.1380470321136895e-32
0.00005606065607674243,7.172012001969201e-14,7.172012012682613e-14,2.4826909705984056e-32
0.00005675984388185215,7.725719191958745e-14,7.725719203499271e-14,2.8786373397437535e-32
0.00005746775194856837,8.322174638466374e-14,8.322174650897871e-14,3.3400287427513106e-32
0.00005818448903588522,8.964678656694853e-14,8.964678670086107e-14,3.875427742197479e-32
0.000058910165259237796,9.656786356770901e-14,9.65678637119601e-14,4.4966093043219605e-32
0.00005964489210741952,1.04023273146292e-13,1.0402327330167979e-13,5.219129363937545e-32
0.00006038878245971065,1.1205426761533393e-13,1.1205426778271824e-13,6.055631856554703e-32
0.00006114195060322032,1.2070528409475061e-13,1.207052842750576e-13,7.026544361058334e-32
0.0000619045122504454,1.3002419038743592e-13,1.3002419058166327e-13,8.150316055950818e-32
0.00006267658455704713,1.40062549837068e-13,1.4006255004629038e-13,9.460806895209405e-32
0.00006345828613985118,1.5087590663350469e-13,1.5087590685887977e-13,1.0976766119690417e-31
0.00006424973709507042,1.6252409314430165e-13,1.625240933870765e-13,1.2738601988268918e-31
0.0000650510590167563,1.7507156097283746e-13,1.750715612343554e-13,1.4782036996099973e-31
0.00006586237501547978,1.8858773757474008e-13,1.885877378564481e-13,1.7150277120879311e-31
0.00006668380973724537,2.0314741040574983e-13,2.0314741070920668e-13,1.990197411072867e-31
0.00006751548938264077,2.1883114072646765e-13,2.1883114105335245e-13,2.3094313434275874e-31
0.00006835754172622633,2.3572570935354363e-13,2.3572570970566504e-13,2.6795977125995763e-31
0.0000692100961361647,2.539245968235504e-13,2.5392459720285677e-13,3.109132822773458e-31
0.0000700732835940966,2.735285006262772e-13,2.735285010348673e-13,3.6078225136404215e-31
0.00007094723671526461,2.94645892369205e-13,2.9464589280933965e-13,4.186858821272434e-31
0.00007183208976888654,3.1739361795583294e-13,3.173936184299475e-13,4.857987319541018e-31
0.00007272797869878434,3.4189754409860764e-13,3.418975446093254e-13,5.637817129212295e-31
0.0000736350411442696,3.68293254743447e-13,3.6829325529359387e-13,6.54166634812828e-31
0.00007455341646128957,3.9672680125906385e-13,3.9672680185168377e-13,7.590525566828695e-31
0.00007548324574383759,4.2735551054175405e-13,4.273555111801262e-13,8.807624699616822e-31
0.00007642467184562907,4.603488555066535e-13,4.6034885619431e-13,1.0220585366796844e-30
0.00007737783940204917,4.958893927817792e-13,4.958893935225249e-13,1.1860126440632508e-30
0.00007834289485237426,5.341737727928576e-13,5.341737735907913e-13,1.3761106903208233e-30
0.00007931998646226905,5.754138278274177e-13,5.754138286869544e-13,1.5968554449921536e-30
0.00008030926434656595,6.198377440982307e-13,6.198377450241263e-13,1.852774122937185e-30
0.0000813108804923277,6.676913242906983e-13,6.676913252880758e-13,2.150115030568351e-30
0.00008232498878219777,7.192393475795232e-13,7.192393486539013e-13,2.494947750288103e-30
0.00008335174501804188,7.747670346391911e-13,7.747670357965145e-13,2.894751501566331e-30
0.00008439130694488521,8.3458162575374e-13,8.34581627000412e-13,3.35901558509613e-30
0.00008544383427514624,8.990140807567976e-13,8.990140820997164e-13,3.897932781210334e-30
0.00008650948871317542,9.684209102072855e-13,9.684209116538816e-13,4.522904448508877e-30
0.00008758843398009736,1.0431861479317006e-12,1.043186149489978e-12,5.248263828678864e-30
0.00008868083583896464,1.1237234758465127e-12,1.1237234775250934e-12,6.0898878734903454e-30
0.00008978686212022457,1.2104785128162922e-12,1.2104785146244642e-12,7.066596023989115e-30
0.00009090668274750374,1.303931280210875e-12,1.3039312821586426e-12,8.200066523750002e-30
0.00009204046976371388,1.4045988578023472e-12,1.4045988599004878e-12,9.5146419353614e-30
0.00009318839735748438,1.5130382446957873e-12,1.51303824695591e-12,1.1041098478196441e-29
0.00009435064188992221,1.6298494411215949e-12,1.629849443556205e-12,1.2811063133528217e-29
0.00009552738192170874,1.7556787681398642e-12,1.7556787707624324e-12,1.486622413114359e-29
0.00009671879824053128,1.891222443622381e-12,1.8912224464474183e-12,1.7249755109911378e-29
0.00009792507388885915,2.0372304342966906e-12,2.0372304373398275e-12,2.0016020569561758e-29
0.00009914639419206509,2.194510605163047e-12,2.1945106084411213e-12,2.3225853327087895e-29
0.00010038294678689742,2.36393318924058e-12,2.3639331927717297e-12,2.6951024172130623e-29
0.00010163492165030793,2.5464356023711004e-12,2.546435606174863e-12,3.1272478994957063e-29
0.00010290251112863853,2.7430276297175537e-12,2.7430276338149755e-12,3.6287747039275716e-29
0.00010418590996717204,2.9547970126506706e-12,2.9547970170644224e-12,4.2106910617988644e-29
0.00010548531534005231,3.182915466932271e-12,3.1829154716867742e-12,4.8860560210835245e-29
0.00010680092688057669,3.42864516548929e-12,3.4286451706108516e-12,5.669555888500345e-29
0.0001081329467118663,3.693345721642966e-12,3.693345727159922e-12,6.578638377394421e-29
0.0001094815794779194,3.978481711426129e-12,3.978481717369006e-12,7.633944301829758e-29
0.00011084703237505147,4.285630776603366e-12,4.285630783005045e-12,8.857965062803936e-29
0.0001122295151837285,4.616492353221696e-12,4.616492360117596e-12,1.02786773119316e-28
0.00011362924030079516,4.972897073978651e-12,4.972897081406928e-12,1.1927045486948552e-28
0.00011504642277210707,5.3568168964236766e-12,5.3568169044254284e-12,1.3839604556871765e-28
0.00011648128032556941,5.770376013022376e-12,5.7703760216418766e-12,1.6058959962461982e-28
0.00011793403340458662,6.215862603438442e-12,6.215862612723383e-12,1.8634163874973894e-28
0.000119404905201931,6.695741494047956e-12,6.695741504049708e-12,2.1622720903482576e-28
0.00012089412169403199,7.212667794717352e-12,7.212667805491255e-12,2.50900592540515e-28
0.00012240191167569412,7.769501588283921e-12,7.769501599889585e-12,2.911380161719332e-28
0.0001239285067952486,8.369323753999888e-12,8.369323766501524e-12,3.37825748696835e-28
0.00012547414159014102,9.015453012472443e-12,9.015453025939221e-12,3.920019663767697e-28
0.0001270390535229653,9.711464286391536e-12,9.711464300897968e-12,4.548682204887622e-28
0.00012862348301794575,1.0461208478612252e-11,1.0461208494238595e-11,5.278219097736422e-28
0.0001302276734978749,1.1268833777000409e-11,1.1268833793833122e-11,6.124551422572563e-28
0.0001318518714215113,1.2138808603893817e-11,1.2138808622026031e-11,7.106746583408655e-28
0.0001334963263214437,1.3075946337128544e-11,1.3075946356660584e-11,8.246449122186908e-28
0.00013516129084242855,1.4085431939379613e-11,1.408543196041954e-11,9.568860185482759e-28
0.00013684702078020457,1.5172850643117832e-11,1.5172850665782054e-11,1.1103410772695428e-27
0.00013855377512079153,1.634421884985663e-11,1.6344218874270545e-11,1.2884031891984904e-27
0.00014028181608027965,1.7606017414609114e-11,1.7606017440907797e-11,1.4950217261545647e-27
0.00014203140914511493,1.8965227499667387e-11,1.896522752799634e-11,1.7347761501807647e-27
0.0001438028231128873,2.0429369196027722e-11,2.0429369226543678e-11,2.01298517591509e-27
0.00014559633013362674,2.2006543126090936e-11,2.200654315896273e-11,2.335777815064676e-27
0.00014741220575161478,2.3705475257757366e-11,2.3705475293166868e-11,2.710372190906128e-27
0.00014925072894771813,2.5535565177797373e-11,2.553556521594049e-11,3.1450179646428002e-27
0.00015111218218224942,2.750693809150721e-11,2.7506938132594972e-11,3.6493941196289745e-27
0.0001529968514383625,2.963050083627139e-11,2.9630500880531116e-11,4.234606785193039e-27
0.00015490502626598968,3.191800221885097e-11,3.1918002266527534e-11,4.913698680355116e-27
0.0001568369998263263,3.438209801012704e-11,3.4382098061484217e-11,5.701686230695134e-27
0.00015879306893687076,3.703642095678869e-11,3.703642101211061e-11,6.616051022805884e-27
0.00016077353411702563,3.9895656197196245e-11,3.989565625678898e-11,7.677054528418448e-27
0.00016277869963426725,4.297562249853889e-11,4.297562256273213e-11,8.908194032838601e-27
0.0001648088735508928,4.629335976460001e-11,4.6293359833748914e-11,1.0336696627756539e-26
0.00016686436777134787,4.986722329811116e-11,4.986722337259828e-11,1.1994368974426673e-26
0.0001689454980901472,5.3716985339042186e-11,5.371698541927963e-11,1.3917830082758238e-26
0.00017105258424039016,5.7863944440392473e-11,5.786394452682414e-11,1.6149788206700595e-26
0.00017318594994288346,6.233104328640385e-11,6.233104337950791e-11,1.8739648707276956e-26
0.00017534592295587596,6.714299560478893e-11,6.714299570508047e-11,2.1744821534319117e-26
0.00017753283512541334,7.232642287485612e-11,7.232642298289e-11,2.523188337401565e-26
0.0001797470224363207,7.791000158758086e-11,7.791000170395474e-11,2.927831147188084e-26
0.00018198882506382169,8.3924621872019e-11,8.39246219973767e-11,3.3973464397775686e-26
0.00018425858742580144,9.04035583653021e-11,9.040355850033713e-11,3.942140842899303e-26
0.00018655665823572073,9.738265427115177e-11,9.738265441661117e-11,4.574334110571252e-26
0.00018888339055618983,1.049005196247708e-10,1.0490051978145929e-10,5.307888466572348e-26
0.00019123914185321158,1.1299874486051994e-10,1.1299874502930435e-10,6.159099252178136e-26
0.00019362427405110068,1.21722130863388e-10,1.2172213104520208e-10,7.146789999289674e-26
0.00019603915358808738,1.3111893677639892e-10,1.3111893697224846e-10,8.292882020793654e-26
0.00019848415147261464,1.4124114693426775e-10,1.4124114714523623e-10,9.622742997764087e-26
0.00020095964334033807,1.521447583993599e-10,1.521447586266144e-10,1.1165902706644556e-25
0.00020346600951183687,1.638900906898975e-10,1.6389009093469522e-10,1.2956469127883454e-25
0.0002060036350510438,1.7654211941304267e-10,1.7654211967673782e-10,1.5034215016970547e-25
0.00020857290982440385,1.9017083564763816e-10,1.901708359316895e-10,1.7445167851057374e-25
0.00021117422856077136,2.0485163306373502e-10,2.0485163336971386e-10,2.0242673900105391e-25
0.00021380799091205474,2.2066572491935597e-10,2.20665725248955e-10,2.3488880521276177e-25
0.0002164746015146151,2.3770059324007965e-10,2.3770059359512217e-10,2.725560700067364e-25
0.00021917447005143415,2.560504726649734e-10,2.5605047304742347e-10,3.1626403310593846e-25
0.00022190801131505376,2.7581687163394475e-10,2.758168720459179e-10,3.6698062989767422e-25
0.0002246756452713038,2.9710913379805926e-10,2.971091342418345e-10,4.258300950981782e-25
0.0002274777971238229,3.2004504275661954e-10,3.200450432346517e-10,4.9411781744188e-25
0.00023031489737938363,3.4475147346430314e-10,3.4475147397923656e-10,5.733554956094091e-25
0.0002331873819140339,3.7136509390960286e-10,3.713650944642859e-10,6.652990346979554e-25
0.000236095692040062,4.000331209436059e-10,4.000331215411068e-10,7.7198740442159415e-25
0.00023904027457379818,4.309141344374573e-10,4.309141350810813e-10,8.957848344252279e-25
0.00024202158190426027,4.641789542691438e-10,4.6417895496245095e-10,1.03943431563291e-24
0.0002450400720626557,5.000115849874777e-10,5.000115857343032e-10,1.206117796401818e-24
0.000248096208792752,5.386102333751539e-10,5.386102341796286e-10,1.3995302948482924e-24
0.00025119046162212343,5.801884045355053e-10,5.801884054020791e-10,1.6239602375515504e-24
0.00025432330593428554,6.249760825615434e-10,6.249760834950096e-10,1.8843793693333496e-24
0.0002574952230417317,6.732210023132136e-10,6.732210033187353e-10,2.1865576112076444e-24
0.00026070670025987784,7.251900193321186e-10,7.251900204152577e-10,2.5371921246348927e-24
0.0002639582309819337,7.811705854653108e-10,7.811705866320583e-10,2.9440540455452238e-24
0.000267250314754701,8.414723383535207e-10,8.414723396103301e-10,3.416160926677636e-24
0.0002705834573553235,9.064288135685972e-10,9.064288149224197e-10,3.96397223626221e-24
0.0002739581708689917,9.763992888621748e-10,9.763992903204988e-10,4.599627262898196e-24
0.000277374973767616,1.0517707707175177e-9,1.0517707722884087e-9,5.33721834184124e-24
0.00028083439098948183,1.1329601341825593e-9,1.1329601358747057e-9,6.193078345849952e-24
0.0002843369540198984,1.2204164278088315e-9,1.2204164296315924e-9,7.186186921962737e-24
0.0002878832009728525,1.3146233564328484e-9,1.3146233583963053e-9,8.338548866704208e-24
0.00029147367667368377,1.4161019555189417e-9,1.4161019576339534e-9,9.675697004686218e-24
0.0002951089327427849,1.5254134718401488e-9,1.5254134741184127e-9,1.1227262526995838e-23
0.00029878952768035144,1.6431624664138292e-9,1.6431624688679454e-9,1.302762398930879e-23
0.0003025160269521875,1.7700001568356205e-9,1.7700001594791618e-9,1.511668366077427e-23
0.0003062890030765783,1.906628017477361e-9,1.9066280203249467e-9,1.7540736017987704e-23
0.0003101090357122512,2.0538016574388818e-9,2.0538016605062606e-9,2.0353486120047284e-23
0.0003139767117474293,2.212334997676567e-9,2.212335000980702e-9,2.3617277245643064e-23
0.0003178926253899978,2.3831047703840034e-9,2.3831047739431672e-9,2.7404421975099955e-23
0.0003218573782587971,2.5670553654789243e-9,2.5670553693127993e-9,3.179884829055638e-23
0.00032587157947604856,2.7652040509665117e-9,2.7652040550963e-9,3.689792418521917e-23
0.0003299358457609389,2.978646596013967e-9,2.9786466004625052e-9,4.281463576950037e-23
0.0003340508015243684,3.208563327793195e-9,3.208563332585083e-9,4.968012508420895e-23
0.0003382170789648831,3.456225655543437e-9,3.456225660705173e-9,5.764647449636442e-23
0.00034243531816580147,3.723003097883901e-9,3.7230031034440283e-9,6.689021705406395e-23
0.0003467061671935521,4.010370852184146e-9,4.0103708581734104e-9,7.761623133283091e-23
0.000351030282197241,4.319917947791485e-9,4.3199179542430026e-9,9.006212021305061e-23
0.0003554083275094577,4.653356028135965e-9,4.653356035085409e-9,1.0450369140003024e-22
0.0003598409757483389,5.012528810204071e-9,5.012528817689868e-9,1.212609296672215e-22
0.0003643289079209066,5.399422273609521e-9,5.3994222816730615e-9,1.4070521899270732e-22
0.0003688728135276935,5.816175635514462e-9,5.816175644200329e-9,1.6326723329988984e-22
0.0003734733906686752,6.265093171990105e-9,6.2650931813463246e-9,1.8944710572460887e-22
0.00037813134615052147,6.748656951074381e-9,6.7486569611526806e-9,2.198246841207196e-22
0.00038284739559518494,7.269540547813272e-9,7.269540558669373e-9,2.5507322156133934e-22
0.00038762226354984786,7.830623816989047e-9,7.83062382868297e-9,2.9597365759643242e-22
0.00039245668359823435,8.43500880506985e-9,8.435008817666247e-9,3.4343225362831393e-22
0.0003973513984733172,9.086036889199868e-9,9.086036902768375e-9,3.985005419169522e-22
0.0004023071601714245,9.787307237812244e-9,9.787307252427872e-9,4.62398613266235e-22
0.0004073247300677729,1.0542696694736297e-8,1.0542696710479845e-8,5.365422603604356e-22
0.0004124048790334425,1.135638119651666e-8,1.135638121347516e-8,6.225740798109537e-22
0.0004175483875538076,1.223285884111379e-8,1.2232858859380987e-8,7.224004424073981e-22
0.00042275604584844563,1.317697473525833e-8,1.31769747549352e-8,8.382329542252266e-22
0.00042802865399254285,1.4193947757534436e-8,1.4193947778729748e-8,9.726378771309958e-22
0.000433367022039814,1.5289399384824283e-8,1.528939940765519e-8,1.1285929717494463e-21
0.00043877197014695384,1.6469384741115233e-8,1.6469384765707934e-8,1.3095539103668443e-21
0.0004442443286996402,1.7740426039916513e-8,1.7740426066406935e-8,1.5195292921715474e-21
0.0004497849384401108,1.910954860471889e-8,1.910954863325345e-8,1.7631713819102315e-21
0.00045539465059633096,2.0584319666131578e-8,2.0584319696867985e-8,2.0458778649599996e-21
0.00046107432701277066,2.2172890149623543e-8,2.217289018273167e-8,2.373911933170204e-21
0.0004668248402828124,2.3884039684267615e-8,2.3884039719930432e-8,2.7545410057480918e-21
0.0004726470738828126,2.5727225080622437e-8,2.572722511903704e-8,3.196197246326158e-21
0.00047854192230783457,2.7712632544987255e-8,2.7712632586365923e-8,3.708664869866911e-21
0.00048451029120907314,2.98512339178338e-8,2.9851233962405206e-8,4.3032970749169926e-21
0.0004905530975329923,3.215484724637149e-8,3.215484729438192e-8,4.9932663336640574e-21
0.0004966712696622014,3.463620202505733e-8,3.463620207677208e-8,5.7938579923448805e-21
0.0005028657475580871,3.7309009463547634e-8,3.730900951925245e-8,6.722806072358415e-21
0.0005091374829052211,4.018803816925029e-8,4.018803822925297e-8,7.800689817864476e-21
0.0005154874392575752,4.3289195661431006e-8,4.328919572606307e-8,9.051386395041918e-21
0.0005219165921865523,4.662961616589404e-8,4.662961623551257e-8,1.0502600223151936e-20
0.0005284259294308718,5.0227755173813175e-8,5.02277552488028e-8,1.218647782566175e-20
0.0005350164510483158,5.4103491285470325e-8,5.410349136624532e-8,1.414031876222938e-20
0.0005416891695693766,5.82782358997298e-8,5.8278235986736394e-8,1.6407402126520308e-20
0.0005484451101528139,6.277505135318929e-8,6.27750514469081e-8,1.9037942796605286e-20
0.0005552853107431537,6.76187781594035e-8,6.761877826035222e-8,2.209021132808971e-20
0.0005622108222301532,7.283617204858219e-8,7.283617215731843e-8,2.5631808991620847e-20
0.0005692227086102553,7.845605156201264e-8,7.845605167913699e-8,2.9741183859967343e-20
0.000576322047150051,8.450945701343211e-8,8.450945713959144e-8,3.4509351893526027e-20
0.0005835099285517886,9.102982169202896e-8,9.102982182792003e-8,4.00419213827282e-20
0.000590787457120941,9.805315624895046e-8,9.805315639532373e-8,4.6461428634735403e-20
0.0005981557509358646,1.0561824728159748e-7,1.0561824743926129e-7,5.391005361793275e-20
0.0006056159420195744,1.1376687120791674e-7,1.1376687137774173e-7,6.255276035716409e-20
0.0006131691765136649,1.2254402460681906e-7,1.2254402478974294e-7,7.258095950360574e-20
0.0006208166148543914,1.319981722911907e-7,1.3199817248822347e-7,8.421673931533849e-20
0.0006285594319509584,1.4218151447727515e-7,1.421815146895047e-7,9.771779138899108e-20
0.0006363988173660207,1.531502745189007e-7,1.531502747474987e-7,1.133830979762629e-19
0.0006443359754984459,1.649650087878426e-7,1.6496500903407105e-7,1.3155957633312807e-19
0.0006523721257683492,1.7769094040297857e-7,1.776909406681967e-7,1.5264973539281755e-19
0.0006605085028044368,1.9139831864163732e-7,1.9139831892730914e-7,1.7712060684796231e-19
0.000668746356633689,2.0616280600726958e-7,2.0616280631497188e-7,2.0551405293002455e-19
0.0006770869528734089,2.2206589507907274e-7,2.220658954105038e-7,2.3845880677627213e-19
0.0006855315729256603,2.3919535743230223e-7,2.391953577892912e-7,2.7668435550590823e-19
0.0006940815141741403,2.576457270936563e-7,2.576457274781733e-7,3.210370918924595e-19
0.0007027380901834964,2.775188211850931e-7,2.775188215992598e-7,3.724990520019038e-19
0.000711502630901141,2.989243006130407e-7,2.989243010591425e-7,4.322096733355629e-19
0.0007203764828615712,3.2198027387896234e-7,3.219802743594606e-7,5.014909657458257e-19
0.0007293610093932485,3.468139473231884e-7,3.468139478407339e-7,5.818768163139052e-19
0.0007384575908280478,3.7356232536770635e-7,3.735623259251544e-7,6.75146909364438e-19
0.0007476676247133259,4.0237296459702003e-7,4.0237296519744553e-7,7.833661098295974e-19
0.0007569925260266352,4.3340478581030893e-7,4.334047864570237e-7,9.089302048462552e-19
0.0007664337273931075,4.668289484948092e-7,4.6682894919138016e-7,1.0546188610700954e-18
0.0007759926793055603,5.028297925112974e-7,5.02829793261566e-7,1.2236571313884566e-18
0.000785670850347336,5.416058521493505e-7,5.416058529574543e-7,1.4197868486868881e-18
0.0007954697274179351,5.833709481051753e-7,5.833709489755698e-7,1.6473494428045583e-18
0.0008053908159614459,6.283553633596705e-7,6.283553642971548e-7,1.9113819096325517e-18
0.0008154356401978372,6.768071093921905e-7,6.76807110401933e-7,2.2177283346588527e-18
0.0008256057433571328,7.289932896577422e-7,7.289932907453093e-7,2.5731691209618293e-18
0.0008359026879164989,7.852015677854047e-7,7.852015689567909e-7,2.985571044637122e-18
0.0008463280558403006,8.457417485263291e-7,8.457417497879906e-7,3.4640611965720763e-18
0.0008568834488231398,9.109474800933827e-7,9.109474814522724e-7,4.019228939566964e-18
0.0008675704885359368,9.811780871954845e-7,9.811780886590905e-7,4.663360167482291e-18
0.0008783908168750688,1.0568205447804314e-6,1.0568205463568177e-6,5.410708818034957e-18
0.0008893460962146244,1.1382916032655009e-6,1.1382916049633524e-6,6.2778124691875035e-18
0.0009004380096618036,1.2260400768584009e-6,1.2260400786870707e-6,7.283857857463973e-18
0.000911668261315495,1.3205493074572237e-6,1.3205493094267838e-6,8.45110514770473e-18
0.0009230385765280907,1.42233981757185e-6,1.422339819693148e-6,9.80538015074491e-18
0.0009345507021705532,1.5319721667349103e-6,1.5319721690196277e-6,1.1376645557098366e-17
0.0009462064069008002,1.65005002697489e-6,1.6500500294356068e-6,1.3199663572090916e-17
0.0009580074814354292,1.7772234941114998e-6,1.7772234967617636e-6,1.5314763677731674e-17
0.0009699557388248298,1.914192652911838e-6,1.914192655766238e-6,1.776873493348584e-17
0.0009820530147317376,2.061711415521141e-6,2.0617114185953877e-6,2.0615860379330764e-17
0.000994301167713247,2.2205916540610897e-6,2.2205916573721025e-6,2.3919116383117046e-17
0.0010067020795063574,2.391707649881081e-6,2.3917076534470793e-6,2.7751565322071924e-17
0.0010192576553170643,2.576000883659621e-6,2.576000887500224e-6,3.219796931869674e-17
0.001031969824113073,2.77448519239607e-6,2.774485196532406e-6,3.735666475009167e-17
0.0010448405389201468,2.9882523213139917e-6,2.988252325768812e-6,4.334173414127936e-17
0.0010578717771221624,3.2184779008299674e-6,3.2184779056277717e-6,5.028552845761525e-17
0.0010710655407649063,3.466427881034513e-6,3.466427886201683e-6,5.834158973321476e-17
0.001084423856863651,3.7334654585982485e-6,3.7334654641631928e-6,6.76880446233254e-17
0.0010979487777145827,4.0210585336703475e-6,4.021058539663657e-6,7.853153903098655e-17
0.0011116423812100955,4.3307877371886054e-6,4.33078774364322e-6,9.111180280921005e-17
0.0011255067711580364,4.664355072090987e-6,4.664355079042376e-6,1.0570694521077538e-16
0.0011395440776049142,5.023593215217569e-6,5.0235932227039266e-6,1.226395964374047e-16
0.0011537564571631497,5.4104755302427114e-6,5.410475538305162e-6,1.4228403414107344e-16
0.0011681460933424144,5.827126845793869e-6,5.8271268544766965e-6,1.6507444701317037e-16
0.0011827151968850768,6.275835057017126e-6,6.2758350663680105e-6,1.9151452239659133e-16
0.0011974660061058629,6.759063613265604e-6,6.759063623335887e-6,2.2218856467617465e-16
0.0012124007872357269,7.279464959329414e-6,7.279464970174373e-6,2.577743981174394e-16
0.0012275218347700327,7.839895002731285e-6,7.839895014410442e-6,2.990583257067543e-16
0.0012428314718210577,8.443428685094916e-6,8.443428697672358e-6,3.4695248460499826e-16
0.0012583320504749066,9.093376741493085e-6,9.093376755037811e-6,4.02514976251808e-16
0.0012740259521528772,9.79330373802102e-6,9.793303752607322e-6,4.669732152250704e-16
0.001289915587977318,0.000010547047484655316,0.000010547047500363186,5.417510126739937e-16
0.0013060033991420718,0.00001135873992778661,0.000011358739944702169,6.284999826815799e-16
0.0013222918572875142,0.000012232829634684339,0.000012232829652900306,7.291359828941625e-16
0.001338783464880295,0.000013174105990618913,0.000013174106010235117,8.458813649556652e-16
0.001355480755597792,0.000014187725238456763,0.000014187725259580677,9.813139891262088e-16
0.0013723862947173772,0.00001527923850032193,0.000015279238523069264,1.1384240671223657e-15
0.001389502679510531,0.000016454621931417443,0.000016454621955912765,1.3206800932510386e-15
0.0014068325396418716,0.000017720309167386,0.000017720309193763427,1.5321053026152459e-15
0.001424378537573162,0.000019083226238715323,0.000019083226267119228,1.777366359816674e-15
0.001442143368972351,0.0000205508291387192,0.000020550829169305012,2.0618762045989733e-15
0.001460129763127731,0.000022131144245622976,0.000022131144278558022,2.3919133250314405e-15
0.0014783404833672391,0.000023832811814310574,0.00002383281184977498,2.7747601050845684e-15
0.0014967783274830039,0.00002566513276944438,0.000025665132807632058,3.218863239298371e-15
0.0015154461281611871,0.000027638119049009104,0.000027638119090128786,3.734019788624989e-15
0.0015343467534171718,0.000029762547765956844,0.000029762547810233232,4.331592933369336e-15
0.001553483107036198,0.000032050019475639166,0.00003205001952331414,5.0247621780638526e-15
0.001572858129019474,0.000034513020858182985,0.00003451302090951691,5.8288135239451205e-15
0.0015924747960358726,0.0000371649921480391,0.00003716499220331224,6.761475914279014e-15
0.0016123361218792387,0.000040020399667681653,0.00004002039972719568,7.843311416304272e-15
0.0016324451579314166,0.00004309481384902789,0.00004309481391310751,9.098167707905778e-15
0.0016528049936310521,0.00004640499315467272,0.000046404993223667454,1.055370267464221e-14
0.0016734187569482232,0.00004996897434165498,0.000049968974415941015,1.2241992787130832e-14
0.001694289614865023,0.00005380616954334994,0.000053806169623332185,1.420023853008563e-14
0.001715420773862094,0.00005793747068032989,0.00005793747076644413,1.6471582341669656e-14
0.001736815480411275,0.00006238536174890551,0.00006238536184162079,1.9106056991330627e-14
0.0017584770214743549,0.0000671740395766325,0.00006717403967645364,2.216168520942794e-14
0.0017804087250080692,0.00007232954367764783,0.00007232954378511811,2.5705754707012537e-14
0.0018026139604753945,0.00007787989588740546,0.00007787989600310958,2.98162963509402e-14
0.0018250961393631996,0.00008385525050648741,0.00008385525063105464,3.4583798098844114e-14
0.001847858715706383,0.00009028805573691777,0.00009028805587102528,4.011319191802339e-14
0.0018709051866185157,0.00009721322725199726,0.00009721322739637383,4.6526157600042355e-14
0.0018942390928291337,0.00010466833480248236,0.00010466833495791223,5.39637932390782e-14
0.0019178640192277015,0.00011269380282811834,0.00011269380299544542,6.258971159274794e-14
0.0019417835954143802,0.00012133312611454498,0.00012133312629467738,7.259362913906048e-14
0.001966001496257666,0.00013063310161164128,0.0001306331018055562,8.41955269871624e-14
0.001990521442458959,0.00014064407761087852,0.0001406440778196275,9.765047427869817e-14
0.002015347201124212,0.00015142022156660885,0.00015142022179132322,1.1325421907580267e-13
0.002040482586342664,0.00016301980793971197,0.00016301980818160918,1.3134966952679583e-13
0.002065931459772842,0.00017550552754228273,0.0001755055278026726,1.52334406115633e-13
0.0020916977312358193,0.0001889448199692536,0.00018894482024954542,1.7666938905155616e-13
0.002117785359315909,0.0002034102308178201,0.00020341023111953018,2.0488905079732255e-13
0.0021441983519688464,0.00021897979551845217,0.00021897979584321178,2.3761299357005625e-13
0.0021709407671375316,0.00023573745173292453,0.00023573745208248876,2.7555954668931934e-13
0.0021980167133754864,0.0002537734824157029,0.00025377348279195984,3.1956147904607374e-13
0.0022254303504780533,0.00027318499178567533,0.00027318499219065623,3.7058420856813053e-13
0.0022531858901214986,0.0002940764166165243,0.0002940764170524143,4.297469053337795e-13
0.002281287596510056,0.0003165600754263908,0.0003165600758955404,4.983469463439756e-13
0.0023097397870310613,0.00034075675833194634,0.0003407567588368842,5.778882548702209e-13
0.002338546832918259,0.00036679636052906403,0.00036679636107251,6.701141383456949e-13
0.002367713159923356,0.0003948185625729543,0.0003948185631578341,7.770453396252551e-13
0.0023972432489959895,0.00042497356085586076,0.0004249735614853211,9.010241263606686e-13
0.0024271416369721333,0.0004574228519207998,0.00045742285259822555,1.044765374491823e-12
0.0024574129172711397,0.0004923400745069056,0.0004923400752359372,1.2114157550771289e-12
0.0024880617406014146,0.0005299119134960467,0.0005299119142805997,1.404622305453056e-12
0.0025190928156749444,0.0005703390702234667,0.0005703390710677518,1.628611868122158e-12
0.00255051090993072,0.0006138373039275547,0.0006138373048361008,1.8882831217814224e-12
0.002582320850267163,0.0006606385494473589,0.0006606385504250363,2.18931318832495e-12
0.0026145275237837206,0.000710992116632225,0.0007109921176842712,2.538281125588377e-12
0.0026471358785316746,0.0007651659773070397,0.0007651659784390873,2.9428109691749515e-12
0.0026801509242743503,0.000823448146041043,0.0008234481472591482,3.41173741559122e-12
0.0027135777332567717,0.0008861481613987878,0.0008861481627094634,3.955297716678913e-12
0.002747421440984939,0.000953598674810973,0.0009535986762212219,4.5853539239846135e-12
0.002781687247014828,0.0010261571546915003,0.001026157156208852,5.315650272304502e-12
0.0028163804157512007,0.0011042077139473301,0.0011042077155798806,6.162111237935679e-12
0.0028515062772564203,0.0011881630695815722,0.001188163071338026,7.143186688488821e-12
0.0028870702280693115,0.0012784666436788294,0.0012784666455685453,8.280251539241543e-12
0.002923077732034275,0.0013755948156883534,0.0013755948177213925,9.598068499020827e-12
0.0029595343211407015,0.0014800593365857189,0.0014800593387728981,1.112532383839441e-11
0.0029964455963728824,0.0015924099162010889,0.0015924099185540372,1.2895247664312404e-11
0.003033817228570533,0.0017132369957527742,0.0017132369982839923,1.4946331987986245e-11
0.0030716549592999898,0.001843174718421391,0.0018431747211443172,1.732316196496474e-11
0.003109964601736349,0.0019829041116459444,0.0019829041145750237,2.0077378062143283e-11
0.0031487520415565415,0.0021331564957185896,0.002133156498869351,2.3268789737453413e-11
0.0031880232378436,0.002294717134205527,0.0022947171375946604,2.6966664369627885e-11
0.003227784224002158,0.0024684291427267157,0.002468429146372162,3.125121895313527e-11
0.0032680411086853955,0.0026551976736925885,0.0026551976776136303,3.621534630471851e-11
0.003308800076733549,0.0028559943957219888,0.0028559943999393526,4.196661254131797e-11
0.0033500673901240927,0.0030718622876563044,0.003071862292192266,4.862956827104532e-11
0.003391849388933819,0.0033039207683433075,0.0033039207732218074,5.634842258238438e-11
0.003434152492312865,0.0035533711846913976,0.003553371189938167,6.529013654741955e-11
0.0034769831994709436,0.003821502681896902,0.0038215026875395943,7.564800176333878e-11
0.0035203480906758193,0.004109698481222604,0.004109698487290938,8.764577968801278e-11
0.0035642538282642695,0.0044194425922618056,0.004419442598787722,1.0154248922446981e-10
0.003608707157665677,0.004752326988258263,0.004752326995276082,1.1763794363209645e-10
0.0036537149084383083,0.005110059274771702,0.005110059282318312,1.362791534832505e-10
0.0036992839953186155,0.0054944708837874195,0.0054944708919024594,1.5786773050366794e-10
0.003745421419283541,0.005907525827261185,0.005907525835987253,1.8286844790555887e-10
0.003792134268626142,0.006351330046079633,0.006351330055462503,2.118191370491238e-10
0.0038394297200445657,0.006828141392493109,0.006828141402581976,2.453421278202108e-10
0.003887315039744649,0.007340380286253661,0.0073403802971013865,2.841574723360631e-10
0.00393579758455627,0.007890641086958914,0.007890641098622307,3.2909822837051034e-10
0.003984884803063581,0.008481704227468266,0.008481704240008374,3.8112812151599263e-10
0.0040345842367494,0.009116549155722185,0.009116549169204607,4.4136195406972387e-10
0.004084903521153809,0.009798368134851935,0.009798368149347175,5.110891854073095e-10
0.004135850387047266,0.010530580954125169,0.01053058096970899,5.918011734482645e-10
0.004187432661618289,0.01131685060601825,0.011316850622772072,6.852226421384382e-10
0.004239658269675997,0.012161099987549122,0.012161100005560454,7.933480261306119e-10
0.004292535234867639,0.013067529686930533,0.013067529706293417,9.184834437290781e-10
0.0043460716809112735,0.01404063691961328,0.014040636940428793,1.0632951633534237e-9
0.004400275832843898,0.015085235680879465,0.015085235703256244,1.230865561125885e-9
0.004455156018285041,0.01620647818529598,0.0162064782093508,1.4247577190187985e-9
0.004510720668716218,0.01740987766656197,0.017409877692420347,1.6490899874510478e-9
0.004566978320776264,0.018701332614540392,0.018701332642337254,1.9086220376894918e-9
0.0046239376175728686,0.020087152529570038,0.02008715255945044,2.208854160373825e-9
0.004681607310010464,0.02157408527747002,0.021574085309589906,2.5561418322854528e-9
0.004739996258134639,0.02316934613196937,0.023169346166496418,2.957827879115025e-9
0.004799113432493377,0.024880648594599302,0.024880648631713805,3.4223949134416177e-9
0.004858967915515205,0.026716237085336707,0.026716237125232543,3.959641130018585e-9
0.004919568902904606,0.02868492160048007,0.02868492164336576,4.580883004469717e-9
0.00498092570505476,0.030796114437312866,0.03079611448341268,5.299188973211809e-9
0.005043047748477953,0.033059869088058906,0.0330598691376141,6.129648783610839e-9
0.005105944577253834,0.03548692140839145,0.03548692146166159,7.089683903740847e-9
0.005169625854495671,0.03808873316829155,0.038088733225555886,8.199405186091072e-9
0.005234101363834977,0.040877538095315885,0.040877538156874976,9.482024900761074e-9
0.00529938101092459,0.043866390522245634,0.04386639058842293,1.0964331312304731e-8
0.005365474824960532,0.047069216752617174,0.04706921682376088,1.2677235184077047e-8
0.005432392960222823,0.05050086925867944,0.05050086933516445,1.4656398984347548e-8
0.005500145697635538,0.0541771838268223,0.05417718390905231,1.6942961156033202e-8
0.005568743446346323,0.058115039765376575,0.058115039853786396,1.9584369633784052e-8
0.005638196745325563,0.06233242328879876,0.0623324233838568,2.2635340872154247e-8
0.0057085162649855746,0.06684849419054029,0.06684849429275126,2.615896303333019e-8
0.005779712808819898,0.07168365591418965,0.07168365602409753,3.02279647046142e-8
0.005851797315063138,0.0768596291287128,0.07685962924690397,3.4926173629814667e-8
0.005924780858371402,0.0823995289085715,0.08239952903567827,4.035019349281788e-8
0.005998674651523776,0.08832794561310751,0.08832794574981187,4.6611330854591094e-8
0.006073490047145001,0.09467102955159104,0.09467102969862876,5.383780897609744e-8
0.006149238539449591,0.10145657951061006,0.10145657966877517,6.217731054686147e-8
0.0062259317660077855,0.10871413520882846,0.10871413537897807,7.179989736512379e-8
0.006303581509533421,0.11647507373028122,0.11647507391334097,8.290136188138963e-8
0.00638219969969424,0.12477270997119252,0.12477271016816216,9.570707334037831e-8
0.006461798414944616,0.1336424011163763,0.13364240132833616,1.1047639015603652e-7
0.006542389884381261,0.14312165513954656,0.1431216553676644,1.2750772027799298e-7
0.006623986489622045,0.1532502432968219,0.15325024354236044,1.4714432282303652e-7
0.006706600766708201,0.16407031655419937,0.1640703168185244,1.6978095731950777e-7
0.0067902454080303355,0.17562652585742797,0.17562652614201751,1.9587150175473845e-7
0.006874933264278368,0.18796614611610235,0.18796614642255635,2.2593767746525846e-7
0.006960677346415887,0.20113920373270291,0.20113920406275407,2.6057903800270185e-7
0.007047490827679039,0.21519860746115316,0.21519860781667863,3.0048440072391377e-7
0.007135387045600407,0.23020028232802314,0.23020028271105744,3.4644492436381547e-7
0.007224379504058137,0.24620330629218953,0.24620330670493862,3.993690634999317e-7
0.007314481875350542,0.2632700492551935,0.26327004970005025,4.602996621430383e-7
0.007405708002296704,0.28146631396430444,0.2814663144438656,5.304334839769568e-7
0.007498071900363141,0.3008614782727248,0.3008614787898095,6.111435166268924e-7
0.007591587759817123,0.32152863813625787,0.3215286386939281,7.040044322077791e-7
0.0076862699479067365,0.34354475063226764,0.34354475123385037,8.108216369391181e-7
0.007782133011068198,0.36699077618470605,0.3669907768338178,9.336643994017245e-7
0.007879191677160745,0.3919518190676133,0.39195181976818716,1.074903610822837e-6
0.007977460857729232,0.41851726513836013,0.4185172658946751,1.2372548022977267e-6
0.00807695565029516,0.4467809156207721,0.44678091643748535,1.4238271240577682e-6
0.008177691340676098,0.47684111561610865,0.4768411164982913,1.638179081540097e-6
0.00827968340533417,0.508800875866972,0.5088008768201477,1.8843819231879321e-6
0.008382947513753722,0.5427679861344615,0.5427679871646497,2.1670916867211216e-6
0.008487499530848713,0.5788551183725674,0.5788551194863297,2.4916310349641917e-6
0.008593355519400136,0.6171799176951248,0.6171799188996165,2.8640821507936666e-6
0.008700531742523755,0.6578650789297543,0.6578650802327815,3.291392114258245e-6
0.008809044666168745,0.7010384063400059,0.7010384077500863,3.7814923550191637e-6
0.008918910961647365,0.7468328538710967,0.7468328553975282,4.343433961273827e-6
0.009030147508196298,0.7953865430369849,0.7953865446899202,4.9875408336573165e-6
0.009142771395569838,0.8468427553166821,0.8468427571072094,5.725582900803698e-6
0.009256799926665471,0.9013498956669552,0.9013498976071879,6.5709718635210874e-6
0.009372250620182262,0.9590614234871461,0.9590614255903204,7.538982208632595e-6
0.009489141213312203,1.0201357470909471,1.020135749371529,8.647000532428236e-6
0.009607489664465374,1.0847360774515216,1.0847360799253232,9.91480653872691e-6
0.009727314156028883,1.1530302366908274,1.1530302393751353,0.000011364889428742887
0.009848633097160386,1.225190416485125,1.2251904193988388,0.000013022803780037412
0.00997146512661629,1.301392881257325,1.3013928844211102,0.000014917569419914223
0.01009582911561534,1.3818176107275857,1.381817614164039,0.000017082120235112736
0.010221744170737922,1.4666478760987383,1.4666478798325684,0.00001955380732304766
0.010349229636861409,1.556069743867667,1.5560697479258907,0.000022374962379432052
0.010478305100132285,1.6502715009824656,1.650271505394621,0.000025593527729912765
0.010608990390975171,1.7494429948129102,1.7494429996112895,0.000029263759945936882
0.01074130558713954,1.8537748811760915,1.8537748863959909,0.00003344701453193414
0.010875271016784267,1.963457773465621,1.9634577791456134,0.000038212619726770016
0.011010907261600781,2.078681285781378,2.0786812919636075,0.00004363884801545406
0.011148235159975138,2.19963296285484,2.1996329695853385,0.000049813994489825
0.01128727581018943,2.326497089523684,2.326497096852713,0.00005683757171179914
0.011428050573663343,2.45945337253988,2.4594533805223016,0.00006482163120405511
0.011570581078235838,2.598675487608572,2.59867549630424,0.00007389222209889306
0.011714889221488079,2.744329484767111,2.744329494241296,0.00008419099778967398
0.011860997174107551,2.8965720455353767,2.8965720558592203,0.00009587698162053089
0.012008927383294276,3.0555485857197935,3.055548596970788,0.00010912850267986509
0.012158702576209516,3.2213911983479617,3.2213912106104656,0.00012414531258991726
0.01231034576346735,3.3942164319683794,3.394216445334159,0.0001411508937528795
0.01246388024267001,3.574122900489764,3.574122915058571,0.0001603949687674226
0.012619329601987068,3.761188721875006,3.761188737755181,0.00018215621959328192
0.012776717723779517,3.9554687843701752,3.955468801679285,0.00020674522344038687
0.012936068788268817,4.156991840556878,4.156991859422378,0.00023450761019409857
0.013097407277251845,4.3657574313926615,4.365757451952583,0.0002658274433621177
0.013260757977862189,4.581732644567832,4.581732666971501,0.00030113082291615746
0.0134261459863782,4.8048487139818095,4.804848738390574,0.00034088970387651836
0.013593596712078746,5.034997469949359,5.034997496537338,0.0003856259188979229
0.01376313588114689,5.272027652904511,5.272027681859351,0.0004359153863050252
0.013934789540622342,5.515741106899023,5.515741138422654,0.0004923924768109575
0.01410858406240314,5.765888873105496,5.7658889074148805,0.0005557545023535973
0.014284546147297308,6.022167207847066,6.022167245174932,0.0006267662788862402
0.014462702829125058,6.2842135543925774,6.284213594988117,0.000706264701361228
0.014643081478872009,6.551602502881114,6.551602547010641,0.0007951632533186859
0.014825709808894435,6.823841778270141,6.823841826217683,0.0008944563552226765
0.015010615877176713,7.100368302121929,7.100368354189738,0.001005223434750137
0.015197828091642112,7.380544380337293,7.380544436846256,0.0011286325784391818
0.015387375214517121,7.663654075576198,7.663654136866112,0.0012659435972543743
0.015579286366750359,7.948899830032618,7.948899896462318,0.0014185103085867237
0.0157735910324866,8.235399411392425,8.235399483339716,0.0015877818038925468
0.015970319063596444,8.52218326212598,8.522183339987349,0.0017753024345661193
0.016169500684262712,8.808192339658293,8.808192423848359,0.001982710208835369
0.016371166495623778,9.092276542303193,9.09227663325386,0.0022117332496633195
0.016575347480475143,9.373193823013787,9.373193921173042,0.002464183918248262
0.01678207500802925,9.649610099824432,9.649610205654753,0.002741950160293017
0.016991380838735,9.920100078162658,9.920100192138968,0.003046983583637802
0.017203297129157243,10.183149105774248,10.183149228381376,0.003381283727249997
0.017417856436917057,10.437156185597505,10.437156317327089,0.0037468779344939566
0.017635091725693827,10.680438275273408,10.680438416620179,0.0041457961999951
0.017855036370289467,10.911236003788295,10.91123615524569,0.004580040321803363
0.01807772416175608,11.127720935693505,11.12772109774856,0.005051546661985848
0.01830318931258729,11.328004511074587,11.328004684202032,0.005562141803057904
0.01853146646197452,11.510148784578858,11.510148969234391,0.006113490389333095
0.018762590681128816,11.672179078951988,11.672179275564664,0.006707034466772809
0.01899659747866885,11.812098657269889,11.812098866233605,0.0073439236886474095
0.019233522806076424,11.927905502957522,11.927905724621546,0.008024935844724036
0.019473403063219714,12.01761127733443,12.017611511993014,0.008750387307341774
0.019716275103945604,12.079262500405488,12.079262748286519,0.009520033178350462
0.019962176241741732,12.110963971528085,12.110964232780864,0.010332957177385246
0.020211144255469073,12.110904412079572,12.110904686761726,0.011187451646426773
0.0204632173951661,12.077384272018513,12.077384560082193,0.012080888471188342
0.020718434387925238,12.008845596053701,12.008845897331152,0.013009582250679606
0.020976834443842806,11.90390379287631,11.903904107065042,0.013968647697087857
0.021238457262042886,11.761381092567134,11.761381419214871,0.014951854033966216
0.021503343036776555,11.580341413005655,11.580341751495409,0.015951480096519623
0.021771532463597146,11.360126286205748,11.360126635741326,0.01695817493759013
0.02204306674561234,11.100391420519419,11.10039178011182,0.01796083001904688
0.02231798759981455,10.801143395363342,10.801143763818542,0.018946470530209494
0.022596337263489915,10.46277590259039,10.462776278499085,0.01990017502799612
0.022878158500707575,10.086104864207872,10.086105245937867,0.020805034437160384
0.02316349460888953,9.672401671537918,9.672402057229919,0.021642163475105967
0.023452389425462693,9.223423708175224,9.223424095742875,0.022390779755974984
0.023744887334593894,8.741441240664201,8.741441627799313,0.023028368152129393
0.024041033274008614,8.229259689512784,8.229260073696748,0.02353095040128809
0.02434087274189526,7.690236232194875,7.690236610717387,0.023873482379109013
0.024644451803894907,7.128289642759959,7.12829001274615,0.02403040382241741
0.024951817100178856,6.5479022434828025,6.547902601929995,0.023976367474114798
0.02526301585261397,5.954112836883426,5.954113180708692,0.02368717648422731
0.025578095872017644,5.352499505848727,5.352499831948402,0.023140960266794314
0.025897105565503276,4.74915122005998,4.749151525382269,0.022319619667811152
0.026220093943917073,4.150627273011355,4.150627554642991,0.021210571995579092
0.026547110629368008,3.5639036999666374,3.5639039552344407,0.01980882491293567
0.02687820586285128,2.9963059972600554,2.996306223847956,0.018119405063816783
0.027213430511967257,2.455427680813035,2.4554278768948468,0.016160162241865346
0.027552836078736306,1.9490344891974578,1.9490346535852736,0.013964962514017375
0.027896474707511353,1.4849543554562366,1.4849544877638379,0.011587273574694103
0.028244399192989125,1.0709536421984605,1.0709537430185492,0.009104132307738362
0.02859666298832104,0.7146005544324185,0.7146006255258047,0.006620467668087571
0.028953320213325674,0.4231171102964542,0.4231171547905504,0.004273731196634538
0.029314425662803147,0.2032215549684882,0.2032215775615941,0.0022387624544481267
0.02968003481495387,0.06096363849860189,0.060963645665511046,0.0007327872225658121
0.030050203839901483,0.0015557320432145374,0.0015557322366532467,0.000020412436772555295
0.03042498960832275,0.029203313699420835,0.02920331754076659,0.00041844370466091003
0.030804449700184894,0.14693889628400286,0.1469389167356544,0.0023003093558377043
0.031188642413591657,0.35646397314140665,0.35646402565213015,0.006099830125295738
0.03157762677374012,0.6580039995113162,0.6580041021249227,0.012314027007264083
0.03197146254198877,1.0501817785647962,1.0501819519816746,0.02150461328137431
0.032370210225039144,1.5299148532868883,1.529915120867292,0.03429777251025447
0.03277393108423149,2.0923425870850685,2.0923429747827176,0.0513817853686079
0.03318268714495675,2.7307885164090524,2.7307890526236376,0.07350203808542219
0.033596541206185875,3.4367632481812938,3.4367639635189615,0.10145292833754396
0.03401555685011764,4.200012626909491,4.200013553841426,0.13606618554778308
0.03443979845194737,5.008615089434789,5.008616261845688,0.1781951472035439
0.03486933118975687,5.849131044987857,5.849132497608471,0.2286945869268862
0.0353042210545283,6.70680575974662,6.706807527467717,0.2883957796792338
0.03574453486028251,7.565825595461404,7.565827712530475,0.35807662060503087
0.03619034025434388,8.40962557223991,8.40962807134674,0.4384267919448495
0.03664170572773353,9.221244133856011,9.221247045118796,0.5300082013553973
0.03709870062569158,9.983718745524309,9.98372209539428,0.6332111971933536
0.037561395158331304,10.680513623508922,10.68051743361817,0.7482074015412745
0.03802986041142544,11.295968576813038,11.295972862797345,0.874900386127022
0.0385041683573278,11.815755745234265,11.815760515569812,1.0128758414774497
0.038984391866030345,12.227329072617964,12.227334327517461,1.1613533418676618
0.03947060471635868,12.52034979828247,12.520355528702112,1.3191422677765783
0.03996288160730713,12.687070228366341,12.687076415179483,1.4846048865094916
0.04046129816951477,12.722657705791127,12.722664319187107,1.6556299758684068
0.04096593097688526,12.625441165358753,12.625448164525318,1.8296206633864853
0.04147685755835083,12.397064050305978,12.397071383450703,2.0035002962419
0.04199415640978379,12.042529755917673,12.04253736067703,2.173740101047671
0.04251790700605583,11.570129185913002,11.570136990187015,2.3364120823346166
0.04304818981324825,10.991244431214897,10.991252354450257,2.4872699890744157
0.043585086301014535,10.320027911985362,10.320035866910667,2.6218602017480497
0.044128678955096395,9.572962388300315,9.572970283093836,2.73566302270499
0.0446790512899969,8.768313786217492,8.76832152706144,2.8242630746530892
0.04523628786181077,7.925495466800866,7.925502960747582,2.8835453397104724
0.045800474281215475,7.0643689751381675,7.064376133184479,2.9099108560836626
0.046371697226623675,6.204511976439807,6.204518716678142,2.90050332932066
0.046950044457500076,5.364488516245259,5.364494766936179,2.85343506260801
0.0475356048278445,4.56115943217134,4.561165134564787,2.76799787722047
0.04812846829984256,3.8090712395216473,3.8090763502459657,2.6448423513646038
0.04872872595768731,3.1199597487419655,3.11996424158356,2.4861070794366293
0.04933647002157254,2.502399830321571,2.5024036972358723,2.2954791122372566
0.04995179386186134,1.961625100298977,1.9616283515268713,2.078167669726675
0.05057479201343066,1.4995310777960509,1.4995337410093932,1.8407759959305017
0.05120556019019521,1.1148630615869952,1.1148651800510891,1.5910611675001225
0.05184419529981277,0.803576371205297,0.8035780010223857,1.337578977503795
0.05249079545857188,0.559342759725975,0.5593439663068182,1.0892207225048998
0.05314546000646636,0.3741640168157727,0.3741648708092326,0.8546606081312978
0.05380828952245705,0.2390434685009555,0.2390440414851996,0.641746030749617
0.05447938583992469,0.14465968464371737,0.14466004493680865,0.45687730097138085
0.05515885206231433,0.08198551791780737,0.0819857268891406,0.3044371630998407
0.055846792578976026,0.042800572409084546,0.04280068165601901,0.18634205635246856
0.05654331308120251,0.020056749948918706,0.020056799636875712,0.10179444522983723
0.057248520578466876,0.008074333340035489,0.00807435188503127,0.0473164864608748
0.057962523414863396,0.0025689453266052077,0.0025689504282241124,0.017137542908219255
0.05868543128575206,0.0005355247343267834,0.0005355255535938543,0.0039895930925856644
0.059417355254612496,0.0000411203600758848,0.00004112039845597625,0.00033400564587614495
0.060158407770106316,4.144082262905007e-9,4.1440832034250495e-9,3.5701030388344125e-8
0.06090870268335357,0.00001811747111193169,0.000018117461409712534,0.00016076298818703
0.06166835526542403,0.0003950405496758052,0.0003950400402540599,0.0035088574763702586
0.06243748222504673,0.0023570955547566595,0.0023570908943271918,0.020427474851490348
0.06321620172654087,0.008562912949888233,0.008562891029031102,0.07088793300115429
0.06400463340796919,0.02387309369012082,0.023873021537835645,0.18575486074633626
0.064802898399519,0.05631166987647605,0.05631148026364694,0.4071520561059936
0.0656111193421118,0.11807540247745964,0.11807497638765811,0.7875497633560801
0.066429420406245,0.22637740117264119,0.2263765488720928,1.387287093255004
0.06725792731106929,0.4038567826954243,0.40385522603305457,2.270349855320596
0.06809676734370254,0.6782604404691405,0.6782577998287762,3.498387374204717
0.0689460693787865,1.081120634344554,1.0811164241886735,5.123168196757749
0.06980596389828542,1.6452245262064724,1.6452181632153038,7.177931337118867
0.07067658301153314,2.40080495861074,2.4007957858657862,9.668364073719632
0.07155806047552946,3.3705732260891117,3.37056055545669,12.564196278741099
0.0724505317154897,4.563950949864196,4.563934122667434,15.79260310966065
0.07335413384565116,5.9711137995008245,5.971092262814594,19.23470578596989
0.07426900569033783,7.557697182444338,7.5576705751439635,22.72640790205262
0.07519528780528904,9.26118641097025,9.26115465040927,26.064564450913398
0.07613312249925343,10.990070646691516,10.99003400411867,29.019032088007688
0.077082653855853,12.62673455336405,12.626693704550725,31.350498567784506
0.07804402775571848,14.034761461820748,14.034717499498308,32.83317779485804
0.07901739189890214,15.07081901631648,15.070773413441193,33.28056461236858
0.08000289582756946,15.60061901757571,15.600573535408737,32.57158811234286
0.0810006909489738,15.517654197678484,15.517610740045878,30.67383071547677
0.08201093055871839,14.76262330749553,14.762583731719891,27.66015113331495
0.08303376986430663,13.3408023675289,13.340768272187628,23.71520764744873
0.08406936600898866,11.334260198503605,11.334232716669662,19.12912423986649
0.0851178780959028,8.905896220774402,8.905875852749283,14.276898944797907
0.08617946721251984,6.292901403360812,6.292887923182887,9.58403926832428
0.08725429645539157,3.788436528290925,3.7884289920588685,5.481121414682719
0.08834253095520771,1.712008931850399,1.7120058026877556,2.35219123091328
0.08944433790216645,0.3710146651261333,0.3710140503796121,0.48375445272642525
0.09055988657165952,0.01789187564461309,0.017891849234577286,0.022116617069812224
0.0916893483502794,0.8089210905474645,0.8089200513786072,0.9466613629855051
0.09283289676215001,2.7715124543423704,2.7715094554386703,3.0650842914321155
0.09399070749558582,5.786510969679266,5.786505947366926,6.033651899335787
0.0951629584300843,9.590459789389113,9.590453631286193,9.40155114445882
0.09634982966365328,13.79995704649811,13.799951462495716,12.67395316966892
0.09755150354048085,17.95657055035808,17.956567749637248,15.38438188304517
0.09876816467894939,21.58684628057793,21.586848503249623,17.164285407670228
0.1,24.268546833148978,24.26855582705304,17.7971647001991
