0.,0.,0.,0.,-1.9941477152838286e-23,1.994052942381256e-23,-1.9940578458775373e-23
0.,0.,0.,0.,-2.109097694486282e-23,2.1089958407650266e-23,-2.1090011103672482e-23
0.,0.,0.,0.,-2.230673821743e-23,2.2305643580226281e-23,-2.230570021364591e-23
0.,0.,0.,0.,-2.359258053655129e-23,2.359140411369295e-23,-2.359146498108759e-23
0.,0.,0.,0.,-2.4952543651263818e-23,2.495127933465927e-23,-2.495134474661892e-23
0.,0.,0.,0.,-2.6390900170455968e-23,2.6389541386968076e-23,-2.6389611689004086e-23
0.,0.,0.,0.,-2.791216899302708e-23,2.791070869273062e-23,-2.7910784243232514e-23
0.,0.,0.,0.,-2.952112951084762e-23,2.951956009836157e-23,-2.9519641297069484e-23
0.,0.,0.,0.,-3.1222836614260466e-23,3.12211499446475e-23,-3.122123720788323e-23
0.,0.,0.,0.,-3.302263657714554e-23,3.302082388997678e-23,-3.302091767535826e-23
0.,0.,0.,0.,-3.4926183861054915e-23,3.492423574163822e-23,-3.492433653204288e-23
0.,0.,0.,0.,-3.6939458869252336e-23,3.693736519547954e-23,-3.6937473520571777e-23
0.,0.,0.,0.,-3.90687867409436e-23,3.906653664339935e-23,-3.9066653057282606e-23
0.,0.,0.,0.,-4.1320857228708064e-23,4.1318439007868525e-23,-4.131856412249307e-23
0.,0.,0.,0.,-4.370274569019095e-23,4.3700146794167694e-23,-4.3700281256811986e-23
0.,0.,0.,0.,-4.622193535686774e-23,4.621914228750371e-23,-4.621928679294601e-23
0.,0.,0.,0.,-4.8886340817445505e-23,4.8883339064863275e-23,-4.8883494374370424e-23
0.,0.,0.,0.,-5.170433289348364e-23,5.1701106866897576e-23,-5.1701273776108916e-23
0.,0.,0.,0.,-5.468476493266237e-23,5.468129787120224e-23,-5.468147724944362e-23
0.,0.,0.,0.,-5.783700061808489e-23,5.783327451492545e-23,-5.783346730047342e-23
0.,0.,0.,0.,-6.117094341330694e-23,6.116693891505605e-23,-6.116714610198351e-23
0.,0.,0.,0.,-6.469706764830215e-23,6.469276396148035e-23,-6.469298662044072e-23
0.,0.,0.,0.,-6.842645143790392e-23,6.842182619416061e-23,-6.84220655032021e-23
0.,0.,0.,0.,-7.237081148165247e-23,7.236584066942584e-23,-7.236609785652533e-23
0.,0.,0.,0.,-7.65425398960669e-23,7.653719769644346e-23,-7.653747408817107e-23
0.,0.,0.,0.,-8.095474312626116e-23,8.094900177897741e-23,-8.094929882679666e-23
0.,0.,0.,0.,-8.562128311449629e-23,8.561511280407055e-23,-8.561543204747706e-23
0.,0.,0.,0.,-9.055682087245498e-23,9.055018955760236e-23,-9.055053264550661e-23
0.,0.,0.,0.,-9.577686255027037e-23,9.57697357745776e-23,-9.577010449948693e-23
0.,0.,0.,0.,-1.0129780813540514e-22,1.0129014887648286e-22,-1.0129054514618939e-22
0.,0.,0.,0.,-1.071370029557863e-22,1.0712877144181103e-22,-1.0712919731983912e-22
0.,0.,0.,0.,-1.1331279222988827e-22,1.1330394570318018e-22,-1.1330440340114017e-22
0.,0.,0.,0.,-1.1984457866329973e-22,1.1983507117471866e-22,-1.1983556307251642e-22
0.,0.,0.,0.,-1.2675288343293445e-22,1.2674266558217735e-22,-1.267431942386449e-22
0.,0.,0.,0.,-1.3405941060892752e-22,1.3404842935787453e-22,-1.3404899749770505e-22
0.,0.,0.,0.,-1.4178711543941455e-22,1.4177531371143617e-22,-1.41775924309446e-22
0.,0.,0.,0.,-1.4996027636653157e-22,1.4994759288901344e-22,-1.4994824908308398e-22
0.,0.,0.,0.,-1.5860457136936904e-22,1.5859094023035662e-22,-1.5859164547072424e-22
0.,0.,0.,0.,-1.67747158586301e-22,1.6773250902295814e-22,-1.677332669702989e-22
0.,0.,0.,0.,-1.7741676176486867e-22,1.7740101766991194e-22,-1.7740183221414485e-22
0.,0.,0.,0.,-1.8764376031584662e-22,1.8762683989991882e-22,-1.8762771532968066e-22
0.,0.,0.,0.,-1.984602849350998e-22,1.9844210030138605e-22,-1.9844304114325556e-22
0.,0.,0.,0.,-2.0990031840683044e-22,2.0988077513769092e-22,-2.0988178626496452e-22
0.,0.,0.,0.,-2.219998025199226e-22,2.219787990669469e-22,-2.219798857458345e-22
0.,0.,0.,0.,-2.347967508289948e-22,2.3477417811116037e-22,-2.3477534597986906e-22
0.,0.,0.,0.,-2.4833136823318675e-22,2.48307109018855e-22,-2.4830836413817975e-22
0.,0.,0.,0.,-2.6264617720934904e-22,2.6262010546227347e-22,-2.626214543671633e-22
0.,0.,0.,0.,-2.777861513898567e-22,2.7775813172770305e-22,-2.7775958139260942e-22
0.,0.,0.,0.,-2.9379885696462e-22,2.937687438096949e-22,-2.937703018148853e-22
0.,0.,0.,0.,-3.1073460201632596e-22,3.107022390091249e-22,-3.1070391338539283e-22
0.,0.,0.,0.,-3.2864659468703727e-22,3.2861181363381546e-22,-3.2861361313633757e-22
0.,0.,0.,0.,-3.4759111017060877e-22,3.475537304750761e-22,-3.4755566441229405e-22
0.,0.,0.,0.,-3.676276677100668e-22,3.6758749520957115e-22,-3.675895736701194e-22
0.,0.,0.,0.,-3.8881921752734183e-22,3.887760435846319e-22,-3.887782773064361e-22
0.,0.,0.,0.,-4.112323385673513e-22,4.1118593891181607e-22,-4.1118833952709933e-22
0.,0.,0.,0.,-4.349374478244886e-22,4.348875814005558e-22,-4.348901613840283e-22
0.,0.,0.,0.,-4.600090212390383e-22,4.599554290835143e-22,-4.599582018302484e-22
0.,0.,0.,0.,-4.86525828123227e-22,4.864682319051806e-22,-4.864712117548791e-22
0.,0.,0.,0.,-5.145711783466655e-22,5.145092788286288e-22,-5.145124813517366e-22
0.,0.,0.,0.,-5.4423318416838865e-22,5.441666598606325e-22,-5.441701017534478e-22
0.,0.,0.,0.,-5.756050371143807e-22,5.755335424778573e-22,-5.75537241429412e-22
0.,0.,0.,0.,-6.087853007315631e-22,6.087084643940608e-22,-6.087124397729156e-22
0.,0.,0.,0.,-6.438782202317934e-22,6.437956431258082e-22,-6.437999154704543e-22
0.,0.,0.,0.,-6.809940500385107e-22,6.809053032366609e-22,-6.809098948295104e-22
0.,0.,0.,0.,-7.202494002855865e-22,7.201540228059692e-22,-7.201589574616545e-22
0.,0.,0.,0.,-7.617676030271465e-22,7.616650994959301e-22,-7.616704028461541e-22
0.,0.,0.,0.,-8.056790997410206e-22,8.055689378302325e-22,-8.055746373893942e-22
0.,0.,0.,0.,-8.521218515733003e-22,8.520034588823597e-22,-8.520095843214064e-22
0.,0.,0.,0.,-9.012417720732091e-22,9.011145337584542e-22,-9.011211167649766e-22
0.,0.,0.,0.,-9.53193186055579e-22,9.53056441176196e-22,-9.530635160560394e-22
0.,0.,0.,0.,-1.008139314655843e-21,1.0079923529913768e-21,-1.007999956373926e-21
0.,0.,0.,0.,-1.0662527877035557e-21,1.0660948459198901e-21,-1.0661030174860683e-21
0.,0.,0.,0.,-1.1277161865159121e-21,1.1275464441436303e-21,-1.1275552262892368e-21
0.,0.,0.,0.,-1.1927226172427555e-21,1.192540192774966e-21,-1.1925496308735804e-21
0.,0.,0.,0.,-1.2614763177525585e-21,1.2612802634696978e-21,-1.2612904070052186e-21
0.,0.,0.,0.,-1.3341932995260926e-21,1.3339825970062772e-21,-1.333993498474349e-21
0.,0.,0.,0.,-1.411102025421775e-21,1.4108755806301415e-21,-1.4108872963369619e-21
0.,0.,0.,0.,-1.4924441289954228e-21,1.4922007657014498e-21,-1.4922133566442936e-21
0.,0.,0.,0.,-1.5784751723899592e-21,1.5782136262849225e-21,-1.578227158204054e-21
0.,0.,0.,0.,-1.6694654500509748e-21,1.6691843626666315e-21,-1.6691989055092297e-21
0.,0.,0.,0.,-1.7657008372381545e-21,1.7653987486596594e-21,-1.7654143781249726e-21
0.,0.,0.,0.,-1.867483689279473e-21,1.867159030422286e-21,-1.867175827634382e-21
0.,0.,0.,0.,-1.975133790380009e-21,1.9747848750218468e-21,-1.9748029270919285e-21
0.,0.,0.,0.,-2.088989359573729e-21,2.088614375227713e-21,-2.0886337760241e-21
0.,0.,0.,0.,-2.2094081122842116e-21,2.209005111064095e-21,-2.209025961552488e-21
0.,0.,0.,0.,-2.3367683846444014e-21,2.33633527363216e-21,-2.336357682047531e-21
0.,0.,0.,0.,-2.47147032276183e-21,2.4710048521682246e-21,-2.471028934581936e-21
0.,0.,0.,0.,-2.6139371391799217e-21,2.6134368913329838e-21,-2.613462773116501e-21
0.,0.,0.,0.,-2.764616442591009e-21,2.764078819265374e-21,-2.7641066350692263e-21
0.,0.,0.,0.,-2.923981645620577e-21,2.923403854265728e-21,-2.923433747922588e-21
0.,0.,0.,0.,-3.0925334498905422e-21,3.091912489418072e-21,-3.09194461653684e-21
0.,0.,0.,0.,-3.2708014211552214e-21,3.2701340660937677e-21,-3.2701685937538675e-21
0.,0.,0.,0.,-3.459345652505975e-21,3.45862843664057e-21,-3.4586655436728456e-21
0.,0.,0.,0.,-3.658758524098196e-21,3.657987722416373e-21,-3.6580276023191665e-21
0.,0.,0.,0.,-3.869666564992398e-21,3.868838173360489e-21,-3.868881032480741e-21
0.,0.,0.,0.,-4.092732419985284e-21,4.09184213642205e-21,-4.091888197655848e-21
0.,0.,0.,0.,-4.328656934751467e-21,4.327700133975693e-21,-4.3277496369297365e-21
0.,0.,0.,0.,-4.578181354264872e-21,4.577153067342555e-21,-4.5772062686681784e-21
0.,0.,0.,0.,-4.842089654583232e-21,4.840984540171904e-21,-4.841041716296391e-21
0.,0.,0.,0.,-5.121211004765428e-21,5.1200233233753254e-21,-5.120084771542034e-21
0.,0.,0.,0.,-5.416422373088272e-21,5.415145955150134e-21,-5.4152119945215916e-21
0.,0.,0.,0.,-5.728651281184781e-21,5.727279497315022e-21,-5.727350470639791e-21
0.,0.,0.,0.,-6.058878720009688e-21,6.057404444347467e-21,-6.057480720134252e-21
0.,0.,0.,0.,-6.408142229379438e-21,6.406557805096601e-21,-6.4066397806171896e-21
0.,0.,0.,0.,-6.777539162072529e-21,6.7758363594363385e-21,-6.775924458843635e-21
0.,0.,0.,0.,-7.168230128674938e-21,7.166400103390765e-21,-7.166494784463409e-21
0.,0.,0.,0.,-7.581442644709802e-21,7.579475891607925e-21,-7.57957764648086e-21
0.,0.,0.,0.,-8.018474988333051e-21,8.016361291185787e-21,-8.016470649310123e-21
0.,0.,0.,0.,-8.48070027993816e-21,8.47842865989845e-21,-8.47854618928448e-21
0.,0.,0.,0.,-8.969570795044711e-21,8.967129453956088e-21,-8.967255763861622e-21
0.,0.,0.,0.,-9.486622529477557e-21,9.483998787211553e-21,-9.48413453389262e-21
0.,0.,0.,0.,-1.003348002378426e-20,1.0030660251495347e-20,-1.0030806140979391e-20
0.,0.,0.,0.,-1.0611861468849701e-20,1.0608831021126793e-20,-1.0608987809607374e-20
0.,0.,0.,0.,-1.1223584103319889e-20,1.1220327240069134e-20,-1.1220495743794213e-20
0.,0.,0.,0.,-1.1870569927838283e-20,1.1867069732051386e-20,-1.1867250824307123e-20
0.,0.,0.,0.,-1.255485173676989e-20,1.255109002938105e-20,-1.255128465068004e-20
0.,0.,0.,0.,-1.3278579512078257e-20,1.3274536753249445e-20,-1.3274745916884588e-20
0.,0.,0.,0.,-1.4044027175846976e-20,1.4039682368201755e-20,-1.4039907158976117e-20
0.,0.,0.,0.,-1.4853599737262682e-20,1.4848930314197467e-20,-1.48491719005001e-20
0.,0.,0.,0.,-1.5709840847502816e-20,1.5704822555002477e-20,-1.570508218948412e-20
0.,0.,0.,0.,-1.6615440789309513e-20,1.6610047562779947e-20,-1.6610326596964057e-20
0.,0.,0.,0.,-1.7573244942379698e-20,1.756744876821733e-20,-1.7567748651306047e-20
0.,0.,0.,0.,-1.8586262708722883e-20,1.858003348168227e-20,-1.8580355769966596e-20
0.,0.,0.,0.,-1.9657676976510773e-20,1.9650982343705507e-20,-1.965132871091009e-20
0.,0.,0.,0.,-2.0790854124792772e-20,2.0783659311662737e-20,-2.0784031557398142e-20
0.,0.,0.,0.,-2.1989354593400452e-20,2.1981622232614678e-20,-2.1982022290230884e-20
0.,0.,0.,0.,-2.325694407580774e-20,2.3248634005231027e-20,-2.3249063949253402e-20
0.,0.,0.,0.,-2.459760535129606e-20,2.4588674408278326e-20,-2.4589136476013767e-20
0.,0.,0.,0.,-2.601555079644277e-20,2.600595259163729e-20,-2.60064491824413e-20
0.,0.,0.,0.,-2.7515235624570786e-20,2.750492030900642e-20,-2.750545400174992e-20
0.,0.,0.,0.,-2.9101371889948483e-20,2.909028588302135e-20,-2.909085944923722e-20
0.,0.,0.,0.,-3.077894328302803e-20,3.076702900192569e-20,-3.0767645422414765e-20
0.,0.,0.,0.,-3.2553220792529483e-20,3.254041636272297e-20,-3.2541078836894084e-20
0.,0.,0.,0.,-3.4429779289006226e-20,3.44160181956942e-20,-3.4416730164584235e-20
0.,0.,0.,0.,-3.641451500450732e-20,3.639972577824545e-20,-3.6400490941058464e-20
0.,0.,0.,0.,-3.851366409257052e-20,3.849776991998831e-20,-3.8498592251318556e-20
0.,0.,0.,0.,-4.073382222147659e-20,4.07167405419808e-20,-4.0717624314855146e-20
0.,0.,0.,0.,-4.308196528045906e-20,4.3063607376310454e-20,-4.306455717490347e-20
0.,0.,0.,0.,-4.5565471308770245e-20,4.5545741836202443e-20,-4.5546762595032964e-20
0.,0.,0.,0.,-4.819214369670586e-20,4.8170940176990817e-20,-4.817203719944231e-20
0.,0.,0.,0.,-5.097023568201521e-20,5.094744798540704e-20,-5.09486269721892e-20
0.,0.,0.,0.,-5.390847630127005e-20,5.388398606880722e-20,-5.388525314009232e-20
0.,0.,0.,0.,-5.70160978160662e-20,5.698977785215735e-20,-5.699113959016766e-20
0.,0.,0.,0.,-6.030286471612974e-20,6.027457830597542e-20,-6.027604178507148e-20
0.,0.,0.,0.,-6.377910441090606e-20,6.374870464746507e-20,-6.375027746439652e-20
0.,0.,0.,0.,-6.745573968480428e-20,6.74230686714183e-20,-6.742475900426115e-20
0.,0.,0.,0.,-7.134432301774676e-20,7.130921105816718e-20,-7.131102767936627e-20
0.,0.,0.,0.,-7.545707288872115e-20,7.541933762514174e-20,-7.542128996837993e-20
0.,0.,0.,0.,-7.980691215762681e-20,7.976635759892844e-20,-7.976845580786172e-20
0.,0.,0.,0.,-8.44075087280303e-20,8.436392422533438e-20,-8.436617919537217e-20
0.,0.,0.,0.,-8.927331840168392e-20,8.922647759934905e-20,-8.92289010394177e-20
0.,0.,0.,0.,-9.44196304162618e-20,9.436929000758318e-20,-9.437189451759631e-20
0.,0.,0.,0.,-9.986261539438159e-20,9.980851393724555e-20,-9.981131303820361e-20
0.,0.,0.,0.,-1.056193762540837e-19,1.0556123274862976e-19,-1.0556424096664535e-19
0.,0.,0.,0.,-1.1170800185446595e-19,1.116455143020933e-19,-1.1164874727177517e-19
0.,0.,0.,0.,-1.1814762392255039e-19,1.180804677784694e-19,-1.1808394229164527e-19
0.,0.,0.,0.,-1.249584771438771e-19,1.248863036013379e-19,-1.2489003771681605e-19
0.,0.,0.,0.,-1.3216196274481163e-19,1.3208439695713693e-19,-1.3208841004751605e-19
0.,0.,0.,0.,-1.3978071575130928e-19,1.396973548435106e-19,-1.3970166776485833e-19
0.,0.,0.,0.,-1.4783867614309179e-19,1.4774908716412234e-19,-1.4775372229985408e-19
0.,0.,0.,0.,-1.5636116405273225e-19,1.5626488169410695e-19,-1.5626986313019508e-19
0.,0.,0.,0.,-1.6537495937424041e-19,1.6527148357215497e-19,-1.6527683718051731e-19
0.,0.,0.,0.,-1.7490838590466148e-19,1.747971791957263e-19,-1.7480293280670583e-19
0.,0.,0.,0.,-1.8499140032911286e-19,1.848718851644481e-19,-1.8487806861992262e-19
0.,0.,0.,0.,-1.9565568643572506e-19,1.9552724206699747e-19,-1.955338875033558e-19
0.,0.,0.,0.,-2.0693475463479402e-19,2.0679671392399282e-19,-2.0680385583751685e-19
0.,0.,0.,0.,-2.1886404723238615e-19,2.1871569323740557e-19,-2.187233687736936e-19
0.,0.,0.,0.,-2.314810499251631e-19,2.3132161216089873e-19,-2.31329861136535e-19
0.,0.,0.,0.,-2.448254095542861e-19,2.4465405993138745e-19,-2.4466292516857426e-19
0.,0.,0.,0.,-2.589390586584873e-19,2.587549072025406e-19,-2.5876443479795187e-19
0.,0.,0.,0.,-2.738663473552557e-19,2.73668437614525e-19,-2.7367867706995945e-19
0.,0.,0.,0.,-2.896541826258778e-19,2.894414867335814e-19,-2.894524911813074e-19
0.,0.,0.,0.,-3.0635217576998944e-19,3.061235890896694e-19,-3.061354156568873e-19
0.,0.,0.,0.,-3.2401279845304277e-19,3.237671337185114e-19,-3.237798438584118e-19
0.,0.,0.,0.,-3.4269154733481127e-19,3.4242752862279317e-19,-3.424411883920229e-19
0.,0.,0.,0.,-3.6244711882347045e-19,3.62163374922964e-19,-3.6217805520667154e-19
0.,0.,0.,0.,-3.833415932181951e-19,3.830366504609124e-19,-3.830524275440564e-19
0.,0.,0.,0.,-4.054406301917811e-19,4.051129047310593e-19,-4.051298606028141e-19
0.,0.,0.,0.,-4.288136747539649e-19,4.284614646301843e-19,-4.2847968718097854e-19
0.,0.,0.,0.,-4.535341758776895e-19,4.531556516785735e-19,-4.531752357339212e-19
0.,0.,0.,0.,-4.796798170424656e-19,4.792730129323299e-19,-4.79294060153714e-19
0.,0.,0.,0.,-5.073327606929002e-19,5.068955638226696e-19,-5.069181834729865e-19
0.,0.,0.,0.,-5.365799062085295e-19,5.361100459461938e-19,-5.361343555498726e-19
0.,0.,0.,0.,-5.675131631321718e-19,5.670081992565468e-19,-5.670343250102118e-19
0.,0.,0.,0.,-6.002297401684004e-19,5.99687049989582e-19,-5.997151276568326e-19
0.,0.,0.,0.,-6.348324505000532e-19,6.342492156353627e-19,-6.342793909556145e-19
0.,0.,0.,0.,-6.714300351504575e-19,6.708032263824873e-19,-6.70835656173551e-19
0.,0.,0.,0.,-7.101375046884771e-19,7.094638666929784e-19,-7.094987192567441e-19
0.,0.,0.,0.,-7.510765004984946e-19,7.50352534691425e-19,-7.5038999116873225e-19
0.,0.,0.,0.,-7.94375677670687e-19,7.935976240372619e-19,-7.936378788378907e-19
0.,0.,0.,0.,-8.40171108797424e-19,8.393349265383396e-19,-8.39378188849526e-19
0.,0.,0.,0.,-8.886067120655197e-19,8.877080583470598e-19,-8.877545527893025e-19
0.,0.,0.,0.,-9.398347035521911e-19,9.38868911249375e-19,-9.38918879229556e-19
0.,0.,0.,0.,-9.940160752797029e-19,9.929781285686193e-19,-9.930318297358292e-19
0.,0.,0.,0.,-1.0513211022388342e-18,1.050205610412096e-18,-1.05026332360369e-18
0.,0.,0.,0.,-1.111929876568983e-18,1.1107310463737496e-18,-1.1107930712939732e-18
0.,0.,0.,0.,-1.176032874053409e-18,1.1747444795279127e-18,-1.174811138311411e-18
0.,0.,0.,0.,-1.243831553345765e-18,1.2424469030237412e-18,-1.2425185419014757e-18
0.,0.,0.,0.,-1.3155389881756253e-18,1.314050890912142e-18,-1.3141278819864839e-18
0.,0.,0.,0.,-1.3913805383025473e-18,1.3897812658378179e-18,-1.3898640087089208e-18
0.,0.,0.,0.,-1.4715945569028924e-18,1.4698758036216262e-18,-1.46996472829366e-18
0.,0.,0.,0.,-1.5564331407727246e-18,1.5545859802419541e-18,-1.5546815484055855e-18
0.,0.,0.,0.,-1.646162922039622e-18,1.6441777613172034e-18,-1.6442804693375986e-18
0.,0.,0.,0.,-1.7410659065581747e-18,1.7389324360817016e-18,-1.7390428173736614e-18
0.,0.,0.,0.,-1.8414403609749196e-18,1.8391475006263344e-18,-1.839266128448213e-18
0.,0.,0.,0.,-1.9476017494786984e-18,1.94513759164666e-18,-1.9452650821594948e-18
0.,0.,0.,0.,-2.0598837262504615e-18,2.057235473675687e-18,-2.057372488855385e-18
0.,0.,0.,0.,-2.1786391838576564e-18,2.17579308325414e-18,-2.175940334388362e-18
0.,0.,0.,0.,-2.304241362585915e-18,2.3011826333036943e-18,-2.3013408854154385e-18
0.,0.,0.,0.,-2.437085024461719e-18,2.433797781628885e-18,-2.4339678566854728e-18
0.,0.,0.,0.,-2.577587694528155e-18,2.5740548660960714e-18,-2.574237647167874e-18
0.,0.,0.,0.,-2.726190971385766e-18,2.722394210738434e-18,-2.7225906471194246e-18
0.,0.,0.,0.,-2.883361918191902e-18,2.8792815078197524e-18,-2.879492619744165e-18
0.,0.,0.,0.,-3.0495945295933526e-18,3.045209278847254e-18,-3.045436162281938e-18
0.,0.,0.,0.,-3.22541128507003e-18,3.2206984202239635e-18,-3.220942253877751e-18
0.,0.,0.,0.,-3.411364791432182e-18,3.406299837829949e-18,-3.4065618875520627e-18
0.,0.,0.,0.,-3.60803952092394e-18,3.602596174706745e-18,-3.6028778020841946e-18
0.,0.,0.,0.,-3.816053647776723e-18,3.8102036409881906e-18,-3.8105063080670554e-18
0.,0.,0.,0.,-4.036060992422703e-18,4.0297739452756315e-18,-4.030099223516005e-18
0.,0.,0.,0.,-4.268753077803226e-18,4.261996339957053e-18,-4.2623459196052006e-18
0.,0.,0.,0.,-4.514861301857913e-18,4.507599785790407e-18,-4.5079754811196225e-18
0.,0.,0.,0.,-4.775159239311721e-18,4.767355234810428e-18,-4.767758997399967e-18
0.,0.,0.,0.,-5.0504650725940146e-18,5.042078052017914e-18,-5.042511978568206e-18
0.,0.,0.,0.,-5.341644164335241e-18,5.332630574183922e-18,-5.333096918262624e-18
0.,0.,0.,0.,-5.649611780458635e-18,5.6399248111685945e-18,-5.6404259942823216e-18
0.,0.,0.,0.,-5.975335963210337e-18,5.964925311274579e-18,-5.965463936341924e-18
0.,0.,0.,0.,-6.3198405819735414e-18,6.308652184682778e-18,-6.3092310488727524e-18
0.,0.,0.,0.,-6.684208546502286e-18,6.6721843031499e-18,-6.6728064119424334e-18
0.,0.,0.,0.,-7.069585217930889e-18,7.05666268525038e-18,-7.057331269884708e-18
0.,0.,0.,0.,-7.477182003803296e-18,7.463294076346235e-18,-7.464012608724649e-18
0.,0.,0.,0.,-7.908280172396908e-18,7.893354731336885e-18,-7.894126942543192e-18
0.,0.,0.,0.,-8.364234881639225e-18,8.348194420470936e-18,-8.349024319440577e-18
0.,0.,0.,0.,-8.846479437260077e-18,8.829240659440494e-18,-8.830132556983954e-18
0.,0.,0.,0.,-9.356529804977222e-18,9.338003191269832e-18,-9.338961719198825e-18
0.,0.,0.,0.,-9.895989372272439e-18,9.876078717490347e-18,-9.877108852989368e-18
0.,0.,0.,0.,-1.0466553997238294e-17,1.0445155907570658e-17,-1.044626299993389e-17
0.,0.,0.,0.,-1.107001733370051e-17,1.1047020694298495e-17,-1.104821049267488e-17
0.,0.,0.,0.,-1.1708276483133651e-17,1.1683561877092123e-17,-1.168484055937536e-17
0.,0.,0.,0.,-1.2383337950544676e-17,1.2356777040785877e-17,-1.2358151246197096e-17
0.,0.,0.,0.,-1.3097323958979422e-17,1.3068778823225556e-17,-1.307025568705871e-17
0.,0.,0.,0.,-1.385247912718765e-17,1.3821801536058243e-17,-1.3823388730278983e-17
0.,0.,0.,0.,-1.4651177524458462e-17,1.4618208182257817e-17,-1.461991394646821e-17
0.,0.,0.,0.,-1.5495930142757775e-17,1.5460497847242897e-17,-1.546233103986618e-17
0.,0.,0.,0.,-1.6389392786623746e-17,1.6351313553284613e-17,-1.6353283693107934e-17
0.,0.,0.,0.,-1.733437443414061e-17,1.7293450533056176e-17,-1.7295567850365766e-17
0.,0.,0.,0.,-1.8333846073821436e-17,1.828986500161461e-17,-1.829214049040743e-17
0.,0.,0.,0.,-1.9390950034645006e-17,1.9343683422279902e-17,-1.9346128895480194e-17
0.,0.,0.,0.,-2.0509009894118823e-17,2.0458212304355934e-17,-2.0460840464455198e-17
0.,0.,0.,0.,-2.1691540910217216e-17,2.163694857825411e-17,-2.1639773068171018e-17
0.,0.,0.,0.,-2.294226109104346e-17,2.2883590546392595e-17,-2.2886626037130138e-17
0.,0.,0.,0.,-2.4265102890840015e-17,2.4202049490325962e-17,-2.4205311740025766e-17
0.,0.,0.,0.,-2.5664225577292624e-17,2.5596461922881205e-17,-2.5599967869325064e-17
0.,0.,0.,0.,-2.714402831615235e-17,2.707120255002716e-17,-2.70749703999592e-17
0.,0.,0.,0.,-2.870916400783556e-17,2.86308979946774e-17,-2.863494731081549e-17
0.,0.,0.,0.,-3.036455393054043e-17,3.028044129038356e-17,-3.0284793098494836e-17
0.,0.,0.,0.,-3.211540322544047e-17,3.2025007217534695e-17,-3.202968411540366e-17
0.,0.,0.,0.,-3.3967217263263066e-17,3.387006852921894e-17,-3.387509479861467e-17
0.,0.,0.,0.,-3.592581896775282e-17,3.582141309284279e-17,-3.5826814832098125e-17
0.,0.,0.,0.,-3.7997367144379514e-17,3.7885162028247805e-17,-3.7890967285077906e-17
0.,0.,0.,0.,-4.018837584623845e-17,4.0067788902420845e-17,-4.007402781703431e-17
0.,0.,0.,0.,-4.2505734880721455e-17,4.237614000383094e-17,-4.238284497239466e-17
0.,0.,0.,0.,-4.4956731479151025e-17,4.4817455804324745e-17,-4.482466163197958e-17
0.,0.,0.,0.,-4.7549073220507295e-17,4.7399393625803516e-17,-4.740713773101435e-17
0.,0.,0.,0.,-5.029091232217743e-17,5.013005165284218e-17,-5.0138374246134354e-17
0.,0.,0.,0.,-5.319087122887256e-17,5.301799431653453e-17,-5.3026938602210415e-17
0.,0.,0.,0.,-5.625806981145382e-17,5.607227907656407e-17,-5.608189149123601e-17
0.,0.,0.,0.,-5.950215401284802e-17,5.930248484644061e-17,-5.931281530850478e-17
0.,0.,0.,0.,-6.293332624104309e-17,6.271874198521991e-17,-6.272984412059963e-17
0.,0.,0.,0.,-6.656237746100021e-17,6.63317640272279e-17,-6.634369547895114e-17
0.,0.,0.,0.,-7.040072114830132e-17,7.015288123360179e-17,-7.016570394535205e-17
0.,0.,0.,0.,-7.446042920803366e-17,7.419407610230518e-17,-7.42078566504148e-17
0.,0.,0.,0.,-7.87542700084035e-17,7.846802087802892e-17,-7.848283080081136e-17
0.,0.,0.,0.,-8.329574851758648e-17,8.298811723671176e-17,-8.300403342762077e-17
0.,0.,0.,0.,-8.809914883767198e-17,8.77685383008798e-17,-8.778564338586695e-17
0.,0.,0.,0.,-9.317957914516182e-17,9.282427294659029e-17,-9.284265573872734e-17
0.,0.,0.,0.,-9.855301926886887e-17,9.817117282632585e-17,-9.819092876340811e-17
0.,0.,0.,0.,-1.0423637098630483e-16,1.0382600194524594e-16,-1.0384723357073362e-16
0.,0.,0.,0.,-1.1024751119455741e-16,1.0980648914790793e-16,-1.0982930670300872e-16
0.,0.,0.,0.,-1.166053482820262e-16,1.1613138368119804e-16,-1.1615590561642816e-16
0.,0.,0.,0.,-1.233298815057599e-16,1.2282051382621173e-16,-1.2284686744075754e-16
0.,0.,0.,0.,-1.304422640830539e-16,1.298948490262111e-16,-1.299231711297597e-16
0.,0.,0.,0.,-1.3796486971859375e-16,1.3737656550162351e-16,-1.3740700311959568e-16
0.,0.,0.,0.,-1.4592136307405967e-16,1.452891156742303e-16,-1.4532182682544968e-16
0.,0.,0.,0.,-1.543367742643543e-16,1.536573015670301e-16,-1.5369245605507234e-16
0.,0.,0.,0.,-1.6323757766283108e-16,1.6250735242875288e-16,-1.625451327468274e-16
0.,0.,0.,0.,-1.7265177527309335e-16,1.7186700684822802e-16,-1.7190760911212327e-16
0.,0.,0.,0.,-1.8260898489695108e-16,1.8176559953714054e-16,-1.8180923449653367e-16
0.,0.,0.,0.,-1.9314053339602425e-16,1.922341530777748e-16,-1.9228104728765713e-16
0.,0.,0.,0.,-2.0427955535321005e-16,2.0330547512043034e-16,-2.0335587197588914e-16
0.,0.,0.,0.,-2.160610974090136e-16,2.150142609457682e-16,-2.150684220507495e-16
0.,0.,0.,0.,-2.285222286281937e-16,2.2739720197952946e-16,-2.274554084881937e-16
0.,0.,0.,0.,-2.417021572602289e-16,2.4049310065907802e-16,-2.4055565469287234e-16
0.,0.,0.,0.,-2.556423542041894e-16,2.543429918202366e-16,-2.5441021808888184e-16
0.,0.,0.,0.,-2.703866836487843e-16,2.689902709469662e-16,-2.6906251838834156e-16
0.,0.,0.,0.,-2.859815412716094e-16,2.8448083002197425e-16,-2.8455847365673323e-16
0.,0.,0.,0.,-3.024760003090994e-16,3.00863201010295e-16,-3.009466438276626e-16
0.,0.,0.,0.,-3.1992196611876384e-16,3.181887075887305e-16,-3.1827838272400663e-16
0.,0.,0.,0.,-3.38374339819896e-16,3.3651162569013804e-16,-3.36607998595918e-16
0.,0.,0.,0.,-3.5789119114362434e-16,3.558893533010343e-16,-3.5599292417264693e-16
0.,0.,0.,0.,-3.7853394144562403e-16,3.763825897396743e-16,-3.764938961398417e-16
0.,0.,0.,0.,-4.003675570600706e-16,3.9805552549462123e-16,-3.981751451402771e-16
0.,0.,0.,0.,-4.234607542476963e-16,4.2097604304626277e-16,-4.2110459675259713e-16
0.,0.,0.,0.,-4.478862155293683e-16,4.452159287677435e-16,-4.45354083767412e-16
0.,0.,0.,0.,-4.737208187694842e-16,4.708510975675849e-16,-4.70999570920782e-16
0.,0.,0.,0.,-5.010458793967569e-16,4.979618300610993e-16,-4.981213922647629e-16
0.,0.,0.,0.,-5.29947406746207e-16,5.266330232820545e-16,-5.268045025016796e-16
0.,0.,0.,0.,-5.605163749220198e-16,5.569544563892154e-16,-5.571387425452871e-16
0.,0.,0.,0.,-5.928490097730595e-16,5.890210706671644e-16,-5.892191201559374e-16
0.,0.,0.,0.,-6.270470920556424e-16,6.229332665608917e-16,-6.231461072198531e-16
0.,0.,0.,0.,-6.6321827812404e-16,6.587972171076552e-16,-6.590259534985219e-16
0.,0.,0.,0.,-7.014764394894237e-16,6.96725199785644e-16,-6.96971018945806e-16
0.,0.,0.,0.,-7.419420216582531e-16,7.368359468418622e-16,-7.371001244441435e-16
0.,0.,0.,0.,-7.847424237986642e-16,7.792550166186913e-16,-7.795389235469141e-16
0.,0.,0.,0.,-8.300124005693617e-16,8.241151852211353e-16,-8.244202946194649e-16
0.,0.,0.,0.,-8.778944866686483e-16,8.715568611223092e-16,-8.718847565190382e-16
0.,0.,0.,0.,-9.285394464179994e-16,9.217285239963589e-16,-9.22080906727788e-16
0.,0.,0.,0.,-9.821067493209131e-16,9.747871877252398e-16,-9.751658863914954e-16
0.,0.,0.,0.,-1.0387650725730915e-15,1.0308988908201176e-15,-1.0313058705297743e-15
0.,0.,0.,0.,-1.0986928333992395e-15,1.0902392147947221e-15,-1.0906765871639327e-15
0.,0.,0.,0.,-1.162078751078255e-15,1.1529938315432623e-15,-1.1534638660436737e-15
0.,0.,0.,0.,-1.229122443136945e-15,1.2193590835114289e-15,-1.2198642190668344e-15
0.,0.,0.,0.,-1.3000350540289278e-15,1.2895425959529365e-15,-1.2900854535464708e-15
0.,0.,0.,0.,-1.3750399212623494e-15,1.363763924358287e-15,-1.3643473206159257e-15
0.,0.,0.,0.,-1.4543732807134322e-15,1.4422552401542177e-15,-1.44288220207354e-15
0.,0.,0.,0.,-1.5382850113470448e-15,1.5252620544122246e-15,-1.5259358347732657e-15
0.,0.,0.,0.,-1.6270394226417114e-15,1.6130439834900044e-15,-1.6137680778895245e-15
0.,0.,0.,0.,-1.7209160907688638e-15,1.7058755584299702e-15,-1.7066537237897161e-15
0.,0.,0.,0.,-1.8202107384254446e-15,1.8040470819151116e-15,-1.8048833554327668e-15
0.,0.,0.,0.,-1.9252361693212566e-15,1.9078655321979124e-15,-1.908764252412526e-15
0.,0.,0.,0.,-2.0363232549417345e-15,2.0176555210803743e-15,-2.0186213501901445e-15
0.,0.,0.,0.,-2.1538219785219673e-15,2.1337603046690174e-15,-2.13479825332013e-15
0.,0.,0.,0.,-2.2781025409571928e-15,2.2565428539370826e-15,-2.2576583065102004e-15
0.,0.,0.,0.,-2.4095565272763054e-15,2.38638698512123e-15,-2.38758572838012e-15
0.,0.,0.,0.,-2.5485981437654453e-15,2.523698556589977e-15,-2.5249868086026743e-15
0.,0.,0.,0.,-2.695665526457055e-15,2.668906731892598e-15,-2.6702911755738675e-15
0.,0.,0.,0.,-2.851222122970764e-15,2.8224653177241567e-15,-2.8239531342473075e-15
0.,0.,0.,0.,-3.015758156439406e-15,2.9848541761130074e-15,-2.986453082830656e-15
0.,0.,0.,0.,-3.189792173729067e-15,3.1565807198417454e-15,-3.1582990103946386e-15
0.,0.,0.,0.,-3.3738726816601436e-15,3.33818149181838e-15,-3.3400280785333876e-15
0.,0.,0.,0.,-3.5685798822190114e-15,3.530223834274018e-15,-3.5322082953357074e-15
0.,0.,0.,0.,-3.7745275006498785e-15,3.733307656988292e-15,-3.735440284952692e-15
0.,0.,0.,0.,-3.992364728513896e-15,3.948067302350741e-15,-3.950359157715447e-15
0.,0.,0.,0.,-4.222778270947358e-15,4.1751735197705556e-15,-4.177636489296173e-15
0.,0.,0.,0.,-4.4664945190913345e-15,4.415335552222873e-15,-4.4179824095032776e-15
0.,0.,0.,0.,-4.724281842556115e-15,4.669303343824115e-15,-4.6721478154545775e-15
0.,0.,0.,0.,-4.996953017826437e-15,4.937869869814861e-15,-4.940926707293097e-15
0.,0.,0.,0.,-5.285367799123662e-15,5.2218736047498285e-15,-5.225158660700101e-15
0.,0.,0.,0.,-5.5904356319475116e-15,5.522201128879771e-15,-5.525731438087278e-15
0.,0.,0.,0.,-5.913118529832404e-15,5.839789882208657e-15,-5.843583751950972e-15
0.,0.,0.,0.,-6.254434114499687e-15,6.175631081203398e-15,-6.179708183738884e-15
0.,0.,0.,0.,-6.615458832450424e-15,6.5307727968177656e-15,-6.5351542737313654e-15
0.,0.,0.,0.,-6.997331359644537e-15,6.906323210609334e-15,-6.911031780469818e-15
0.,0.,0.,0.,-7.401256199379783e-15,7.303454060531608e-15,-7.308514136935335e-15
0.,0.,0.,0.,-7.828507494439773e-15,7.723404274633714e-15,-7.728842093380803e-15
0.,0.,0.,0.,-8.280433052759176e-15,8.167483823082225e-15,-8.173327578332885e-15
0.,0.,0.,0.,-8.758458613347454e-15,8.637077782882126e-15,-8.643357771575334e-15
0.,0.,0.,0.,-9.264092355683806e-15,9.133650636969615e-15,-9.140399417728538e-15
0.,0.,0.,0.,-9.798929667828821e-15,9.658750821951335e-15,-9.666003380996915e-15
0.,0.,0.,0.,-1.0364658198510317e-14,1.0214015527602545e-14,-1.0221809462154787e-14
0.,0.,0.,0.,-1.0963063195036825e-14,1.0801175780346851e-14,-1.0809551494811104e-14
0.,0.,0.,0.,-1.1596033149230948e-14,1.142206180924241e-14,-1.1431062719566404e-14
0.,0.,0.,0.,-1.2265565782245528e-14,1.2078608722949865e-14,-1.208828148761653e-14
0.,0.,0.,0.,-1.297377436103277e-14,1.2772862509215458e-14,-1.2783257264564279e-14
0.,0.,0.,0.,-1.372289438995263e-14,1.35069863737271e-14,-1.3518156999581311e-14
0.,0.,0.,0.,-1.4515290688693096e-14,1.4283267447621405e-14,-1.4295271840983522e-14
0.,0.,0.,0.,-1.5353464881966397e-14,1.5104123869141373e-14,-1.511702424801687e-14
0.,0.,0.,0.,-1.624006331934076e-14,1.5972112278510913e-14,-1.598597550146959e-14
0.,0.,0.,0.,-1.717788545408864e-14,1.6889935730514563e-14,-1.690483364310196e-14
0.,0.,0.,0.,-1.816989271659542e-14,1.7860452067429984e-14,-1.7876461873372282e-14
0.,0.,0.,0.,-1.92192178931952e-14,1.8886682758951607e-14,-1.8903887424927422e-14
0.,0.,0.,0.,-2.032917504738402e-14,1.9971822258167393e-14,-1.999031093943688e-14
0.,0.,0.,0.,-2.150327003041317e-14,2.1119247883653485e-14,-2.113911638074866e-14
0.,0.,0.,0.,-2.274521157873912e-14,2.233253026166908e-14,-2.235388152371147e-14
0.,0.,0.,0.,-2.4058923092198694e-14,2.36154443673631e-14,-2.363838902257188e-14
0.,0.,0.,0.,-2.544855503802683e-14,2.4971981201030934e-14,-2.499663812888505e-14
0.,0.,0.,0.,-2.691849814418045e-14,2.6406360114642865e-14,-2.6432857057747232e-14
0.,0.,0.,0.,-2.847339729517329e-14,2.792304185316997e-14,-2.795151608518701e-14
0.,0.,0.,0.,-3.011816627569845e-14,2.952674233153615e-14,-2.955734136108468e-14
0.,0.,0.,0.,-3.185800335894976e-14,3.1222447194433116e-14,-3.125532953141225e-14
0.,0.,0.,0.,-3.3698407785726074e-14,3.301542721609449e-14,-3.305076319151483e-14
0.,0.,0.,0.,-3.56451972191381e-14,3.4911254555607e-14,-3.4949227204804736e-14
0.,0.,0.,0.,-3.7704526210981195e-14,3.691581996477402e-14,-3.695662596435951e-14
0.,0.,0.,0.,-3.988290571608126e-14,3.903535093467516e-14,-3.9079201635537106e-14
0.,0.,0.,0.,-4.2187223780717377e-14,4.127643092574626e-14,-4.132355343065344e-14
0.,0.,0.,0.,-4.462476739920018e-14,4.364601963851857e-14,-4.369665798415373e-14
0.,0.,0.,0.,-4.720324565988765e-14,4.615147446441793e-14,-4.620589089445912e-14
0.,0.,0.,0.,-4.993081419425945e-14,4.8800573171491225e-14,-4.8859049460965834e-14
0.,0.,0.,0.,-5.2816101139549776e-14,5.160153782207806e-14,-5.166437677303959e-14
0.,0.,0.,0.,-5.586823449534505e-14,5.4563060122309136e-14,-5.463058709659297e-14
0.,0.,0.,0.,-5.909687115232335e-14,5.769432813523755e-14,-5.776689276022514e-14
0.,0.,0.,0.,-6.251222757782019e-14,6.100505458353812e-14,-6.10830325380127e-14
0.,0.,0.,0.,-6.612511227831835e-14,6.450550668219903e-14,-6.458930166405782e-14
0.,0.,0.,0.,-6.994696017363403e-14,6.82065377405792e-14,-6.829658353395733e-14
0.,0.,0.,0.,-7.39898689355965e-14,7.211962049351011e-14,-7.221638321548876e-14
0.,0.,0.,0.,-7.826663747933593e-14,7.625688235821202e-14,-7.636086285794063e-14
0.,0.,0.,0.,-8.279080666498146e-14,8.063114266646533e-14,-8.074287913318853e-14
0.,0.,0.,0.,-8.757670236534136e-14,8.525595203567906e-14,-8.537602276680421e-14
0.,0.,0.,0.,-9.263948105322916e-14,9.014563393320021e-14,-9.027466033121659e-14
0.,0.,0.,0.,-9.799517805382279e-14,9.531532861561555e-14,-9.545397838275447e-14
0.,0.,0.,0.,-1.0366075857014568e-13,1.0078103958029263e-13,-1.0093003017995617e-13
0.,0.,0.,0.,-1.096541716929134e-13,1.0655968256894482e-13,-1.0671978492671386e-13
0.,0.,0.,0.,-1.1599440757417837e-13,1.1266913745212836e-13,-1.1284117992418903e-13
0.,0.,0.,0.,-1.227015578617343e-13,1.1912830291167017e-13,-1.1931317559502184e-13
0.,0.,0.,0.,-1.2979687981494322e-13,1.2595715436564631e-13,-1.2615581367316145e-13
0.,0.,0.,0.,-1.3730286387152775e-13,1.3317680505782687e-13,-1.3339027865315655e-13
0.,0.,0.,0.,-1.452433054969192e-13,1.4080957062221993e-13,-1.4103896273784462e-13
0.,0.,0.,0.,-1.53643380905865e-13,1.488790373488276e-13,-1.491255344526709e-13
0.,0.,0.,0.,-1.6252972740022632e-13,1.5741013420274472e-13,-1.5767501116129526e-13
0.,0.,0.,0.,-1.7193052829379223e-13,1.66429208998775e-13,-1.6671383566982952e-13
0.,0.,0.,0.,-1.8187560283096727e-13,1.7596410885588195e-13,-1.7626995710942055e-13
0.,0.,0.,0.,-1.9239650126021094e-13,1.8604426515329912e-13,-1.863729164856687e-13
0.,0.,0.,0.,-2.035266056029586e-13,1.9670078328552734e-13,-1.9705393694948192e-13
0.,0.,0.,0.,-2.1530123620609972e-13,2.0796653749266606e-13,-2.0834601935252228e-13
0.,0.,0.,0.,-2.277577643542419e-13,2.1987627105103164e-13,-2.202840429104944e-13
0.,0.,0.,0.,-2.409357318158786e-13,2.324667020776894e-13,-2.329048718472926e-13
0.,0.,0.,0.,-2.548769770631615e-13,2.457766352688958e-13,-2.4624746778889705e-13
0.,0.,0.,0.,-2.6962576892436104e-13,2.598470799860206e-13,-2.6035300874881924e-13
0.,0.,0.,0.,-2.852289480599196e-13,2.747213749174073e-13,-2.752650146153423e-13
0.,0.,0.,0.,-3.0173607666111846e-13,2.904453197977914e-13,-2.9102947979649415e-13
0.,0.,0.,0.,-3.191995970456175e-13,3.070673145775394e-13,-3.076950133390859e-13
0.,0.,0.,0.,-3.3767499927281406e-13,3.246385061816699e-13,-3.25312986915562e-13
0.,0.,0.,0.,-3.5722099866622295e-13,3.4321294387264335e-13,-3.43937691134238e-13
0.,0.,0.,0.,-3.778997236829136e-13,3.628477429771703e-13,-3.6362650081303477e-13
0.,0.,0.,0.,-3.997769147570113e-13,3.8360325812225734e-13,-3.8444004904366567e-13
0.,0.,0.,0.,-4.2292213495502557e-13,4.0554326574907696e-13,-4.064424118847719e-13
0.,0.,0.,0.,-4.47408992441548e-13,4.287351574627056e-13,-4.2970130236472426e-13
0.,0.,0.,0.,-4.733153764470036e-13,4.5325014359569183e-13,-4.5428827655446517e-13
0.,0.,0.,0.,-5.007237068220749e-13,4.791634686280653e-13,-4.802789500203789e-13
0.,0.,0.,0.,-5.297211983818549e-13,5.065546383843472e-13,-5.07753227474058e-13
0.,0.,0.,0.,-5.604001400133214e-13,5.355076601289845e-13,-5.367955446647045e-13
0.,0.,0.,0.,-5.92858191254869e-13,5.661112958096593e-13,-5.674951239055347e-13
0.,0.,0.,0.,-6.271986950756249e-13,5.984593299117937e-13,-5.999462442315814e-13
0.,0.,0.,0.,-6.635310098590733e-13,6.326508518448808e-13,-6.34248526255678e-13
0.,0.,0.,0.,-7.019708600952522e-13,6.687905542367892e-13,-6.705072334592113e-13
0.,0.,0.,0.,-7.426407083672389e-13,7.069890477343025e-13,-7.088335896214285e-13
0.,0.,0.,0.,-7.856701481387708e-13,7.473631939301688e-13,-7.493451151441113e-13
0.,0.,0.,0.,-8.311963207254991e-13,7.900364558814921e-13,-7.921659807355919e-13
0.,0.,0.,0.,-8.793643553533559e-13,8.35139269195861e-13,-8.374273821218939e-13
0.,0.,0.,0.,-9.30327836395982e-13,8.828094328269788e-13,-8.852679350300057e-13
0.,0.,0.,0.,-9.842492968488237e-13,9.331925220308172e-13,-9.358340921791877e-13
0.,0.,0.,0.,-1.04130074111862e-12,9.86442324672715e-13,-9.892805838423078e-13
0.,0.,0.,0.,-1.1016641991947148e-12,1.0427213010957873e-12,-1.0457708827829551e-12
0.,0.,0.,0.,-1.1655323116400324e-12,1.10220106986744e-12,-1.105477695019229e-12
0.,0.,0.,0.,-1.233108950538386e-12,1.1650629200917889e-12,-1.1685834785004527e-12
0.,0.,0.,0.,-1.304609876255208e-12,1.2314983530141583e-12,-1.2352809894536664e-12
0.,0.,0.,0.,-1.3802634321957917e-12,1.301709652726139e-12,-1.3057738599298689e-12
0.,0.,0.,0.,-1.4603112816701363e-12,1.375910488733219e-12,-1.3802772082427046e-12
0.,0.,0.,0.,-1.5450091863706642e-12,1.4543265520288577e-12,-1.45901828090055e-12
0.,0.,0.,0.,-1.6346278315551152e-12,1.5371962265610617e-12,-1.542237132866166e-12
0.,0.,0.,0.,-1.7294536998905096e-12,1.6247712967794952e-12,-1.6301873441953958e-12
0.,0.,0.,0.,-1.829789995962125e-12,1.7173176955331777e-12,-1.7231367757222652e-12
0.,0.,0.,0.,-1.9359576258578206e-12,1.8151162921133031e-12,-1.821368368549823e-12
0.,0.,0.,0.,-2.048296232569882e-12,1.9184637247767905e-12,-1.9251809855737818e-12
0.,0.,0.,0.,-2.1671652955110076e-12,2.0276732784916795e-12,-2.0348903022001467e-12
0.,0.,0.,0.,-2.2929452910320337e-12,2.143075810625329e-12,-2.150829742384955e-12
0.,0.,0.,0.,-2.426038923505453e-12,2.2650207283371434e-12,-2.2733514713320593e-12
0.,0.,0.,0.,-2.5668724291905823e-12,2.3938770197001244e-12,-2.4028274383776418e-12
0.,0.,0.,0.,-2.7158969542762394e-12,2.530034339572627e-12,-2.539650480607306e-12
0.,0.,0.,0.,-2.873590016287206e-12,2.6739041588624298e-12,-2.6842354852103682e-12
0.,0.,0.,0.,-3.0404570510040758e-12,2.825920972079449e-12,-2.837020617776722e-12
0.,0.,0.,0.,-3.2170330512539955e-12,2.986543575041554e-12,-2.998468615751937e-12
0.,0.,0.,0.,-3.4038842991376843e-12,3.15625640888364e-12,-3.169068155718531e-12
0.,0.,0.,0.,-3.6016102044358903e-12,3.335570982005425e-12,-3.3493352920735935e-12
0.,0.,0.,0.,-3.810845249324937e-12,3.5250273641186152e-12,-3.5398149808806847e-12
0.,0.,0.,0.,-4.0322610453643734e-12,3.725195766709894e-12,-3.7410826791992304e-12
0.,0.,0.,0.,-4.266568519523981e-12,3.9366782064198924e-12,-3.953746038588653e-12
0.,0.,0.,0.,-4.5145202186234094e-12,4.160110261466638e-12,-4.178446688056917e-12
0.,0.,0.,0.,-4.7769127568412975e-12,4.396162919244096e-12,-4.415862115961167e-12
0.,0.,0.,0.,-5.05458940754364e-12,4.645544531011097e-12,-4.666707653418099e-12
0.,0.,0.,0.,-5.34844284494316e-12,4.909002865959445e-12,-4.931738567322315e-12
0.,0.,0.,0.,-5.659418048468624e-12,5.187327280107893e-12,-5.211752264918098e-12
0.,0.,0.,0.,-5.9885153802562814e-12,5.481351003351532e-12,-5.507590623295092e-12
0.,0.,0.,0.,-6.3367938446525075e-12,5.7919535466856054e-12,-5.820142438988661e-12
0.,0.,0.,0.,-6.705374536852295e-12,6.1200632427050424e-12,-6.150346019276439e-12
0.,0.,0.,0.,-7.095444301516557e-12,6.466659920453872e-12,-6.499191903498121e-12
0.,0.,0.,0.,-7.508259597944652e-12,6.832777728706774e-12,-6.867725741882612e-12
0.,0.,0.,0.,-7.945150606570019e-12,7.219508105134246e-12,-7.257051324408378e-12
0.,0.,0.,0.,-8.40752556896119e-12,7.628002909572678e-12,-7.668333774641145e-12
0.,0.,0.,0.,-8.896875385125396e-12,8.059477724544024e-12,-8.102802919946283e-12
0.,0.,0.,0.,-9.414778490845668e-12,8.515215328794046e-12,-8.561756837097498e-12
0.,0.,0.,0.,-9.96290601195631e-12,8.996569365158913e-12,-9.046565595095007e-12
0.,0.,0.,0.,-1.0543027236848382e-11,9.504968196058615e-12,-9.558675192676222e-12
0.,0.,0.,0.,-1.1157015400744769e-11,1.0041918968269973e-11,-1.0099611716975271e-11
0.,0.,0.,0.,-1.1806853823010045e-11,1.0609011892772255e-11,-1.0670985719566338e-11
0.,0.,0.,0.,-1.2494642403329502e-11,1.1207924755967528e-11,-1.127449682597615e-11
0.,0.,0.,0.,-1.3222604497695754e-11,1.1840427668150709e-11,-1.1911938595543931e-11
0.,0.,0.,0.,-1.3993094220134073e-11,1.2508388059690785e-11,-1.2585203639196204e-11
0.,0.,0.,0.,-1.4808604156547027e-11,1.3213775950527328e-11,-1.3296289014456158e-11
0.,0.,0.,0.,-1.567177354611549e-11,1.395866949370243e-11,-1.4047301901235397e-11
0.,0.,0.,0.,-1.658539695545009e-11,1.4745260802206167e-11,-1.4840465586121526e-11
0.,0.,0.,0.,-1.7552433449487068e-11,1.557586210925893e-11,-1.567812576427282e-11
0.,0.,0.,0.,-1.8576016327547634e-11,1.6452912219757138e-11,-1.6562757171575926e-11
0.,0.,0.,0.,-1.9659463425602594e-11,1.737898332003929e-11,-1.7496970576048743e-11
0.,0.,0.,0.,-2.080628803368901e-11,1.8356788141064e-11,-1.8483520128233513e-11
0.,0.,0.,0.,-2.2020210458408836e-11,1.938918750537214e-11,-1.9525311115782274e-11
0.,0.,0.,0.,-2.3305170283185504e-11,2.0479198241959356e-11,-2.0625408105659262e-11
0.,0.,0.,0.,-2.4665339348251873e-11,2.163000153358756e-11,-2.1787043543732305e-11
0.,0.,0.,0.,-2.610513550747026e-11,2.2844951708411865e-11,-2.301362678203441e-11
0.,0.,0.,0.,-2.7629237208539766e-11,2.4127585459587465e-11,-2.430875357875776e-11
0.,0.,0.,0.,-2.924259892141739e-11,2.548163155939536e-11,-2.5676216123440375e-11
0.,0.,0.,0.,-3.0950467516075857e-11,2.691102107318547e-11,-2.712001356479571e-11
0.,0.,0.,0.,-3.275839959017457e-11,2.8419898106391107e-11,-2.8644363075466333e-11
0.,0.,0.,0.,-3.4672279846577105e-11,3.001263108203573e-11,-3.025371154088128e-11
0.,0.,0.,0.,-3.669834054424746e-11,3.16938246289152e-11,-3.195274779299682e-11
0.,0.,0.,0.,-3.884318214371024e-11,3.34683320465976e-11,-3.374641552524225e-11
0.,0.,0.,0.,-4.111379514680403e-11,3.534126843336522e-11,-3.5639926865983515e-11
0.,0.,0.,0.,-4.35175832526092e-11,3.731802446114608e-11,-3.7638776642179875e-11
0.,0.,0.,0.,-4.606238792213956e-11,3.940428087293935e-11,-3.974875737897002e-11
0.,0.,0.,0.,-4.8756514362427284e-11,4.160602368258564e-11,-4.19759750902033e-11
0.,0.,0.,0.,-5.1608759092001106e-11,4.392956019603724e-11,-4.432686585912681e-11
0.,0.,0.,0.,-5.462843914663321e-11,4.638153577171142e-11,-4.680821327565078e-11
0.,0.,0.,0.,-5.782542301975069e-11,4.896895146641753e-11,-4.94271667559172e-11
0.,0.,0.,0.,-6.121016346925928e-11,5.169918257403091e-11,-5.2191260802465205e-11
0.,0.,0.,0.,-6.479373227911056e-11,5.4579998053261493e-11,-5.510843527375942e-11
0.,0.,0.,0.,-6.858785708062543e-11,5.761958095843068e-11,-5.818705659570508e-11
0.,0.,0.,0.,-7.260496039550272e-11,6.082654983591381e-11,-6.143594013946602e-11
0.,0.,0.,0.,-7.685820099978128e-11,6.420998127254478e-11,-6.486437367756024e-11
0.,0.,0.,0.,-8.136151781195654e-11,6.77794334151845e-11,-6.848214202875005e-11
0.,0.,0.,0.,-8.612967628705729e-11,7.154497079653191e-11,-7.229955293180748e-11
0.,0.,0.,0.,-9.117831775048994e-11,7.55171902504836e-11,-7.632746421723364e-11
0.,0.,0.,0.,-9.652401152770839e-11,7.970724819348313e-11,-8.057731233052834e-11
0.,0.,0.,0.,-1.021843103041153e-10,8.412688912492438e-11,-8.506114231747553e-11
0.,0.,0.,0.,-1.0817780877421237e-10,8.87884756339156e-11,-8.97916391740937e-11
0.,0.,0.,0.,-1.1452420574478961e-10,9.370501971622853e-11,-9.478216085080161e-11
0.,0.,0.,0.,-1.2124437004783075e-10,9.889021571330574e-11,-1.0004677291294361e-10
0.,0.,0.,0.,-1.2836041034251582e-10,1.0435847476813651e-10,-1.0560028471922215e-10
0.,0.,0.,0.,-1.3589574908402233e-10,1.101249608602599e-10,-1.1145828755368036e-10
0.,0.,0.,0.,-1.438752010516757e-10,1.1620562870473273e-10,-1.176371945253022e-10
0.,0.,0.,0.,-1.5232505637559503e-10,1.226172632962267e-10,-1.2415428240667728e-10
0.,0.,0.,0.,-1.6127316871756822e-10,1.293775213620892e-10,-1.3102773549254333e-10
0.,0.,0.,0.,-1.7074904870395885e-10,1.3650497476696423e-10,-1.3827669157900905e-10
0.,0.,0.,0.,-1.807839628712031e-10,1.4401915585051188e-10,-1.4592129014953004e-10
0.,0.,0.,0.,-1.9141103863037103e-10,1.5194060502001981e-10,-1.5398272279197855e-10
0.,0.,0.,0.,-2.0266537553346673e-10,1.6029092031251368e-10,-1.6248328609293376e-10
0.,0.,0.,0.,-2.1458416315670156e-10,1.690928094102991e-10,-1.714464370459066e-10
0.,0.,0.,0.,-2.272068061338448e-10,1.7837014391783277e-10,-1.8089685082134113e-10
0.,0.,0.,0.,-2.4057505658029134e-10,1.8814801611076443e-10,-1.9086048169765818e-10
0.,0.,0.,0.,-2.547331545487721e-10,1.9845279818061305e-10,-2.0136462631469118e-10
0.,0.,0.,0.,-2.697279769099019e-10,2.0931220422192597e-10,-2.124379901716227e-10
0.,0.,0.,0.,-2.856091951190929e-10,2.2075535482728633e-10,-2.2411075714694717e-10
0.,0.,0.,0.,-3.024294425767203e-10,2.328128446916452e-10,-2.36414662164747e-10
0.,0.,0.,0.,-3.2024449174382295e-10,2.4551681287536284e-10,-2.493830670376765e-10
0.,0.,0.,0.,-3.3911344225447564e-10,2.589010163936811e-10,-2.630510399689841e-10
0.,0.,0.,0.,-3.5909892007103794e-10,2.730009068972898e-10,-2.7745543848535526e-10
0.,0.,0.,0.,-3.8026728868645766e-10,2.878537103444584e-10,-2.926349961441841e-10
0.,0.,0.,0.,-4.026888729113256e-10,3.0349851035865793e-10,-3.086304128769672e-10
0.,0.,0.,0.,-4.26438196242723e-10,3.1997633499952466e-10,-3.254844497254656e-10
0.,0.,0.,0.,-4.515942322835876e-10,3.3733024682506537e-10,-3.4324202724053477e-10
0.,0.,0.,0.,-4.782406714709946e-10,3.556054371347696e-10,-3.619503285500988e-10
0.,0.,0.,0.,-5.064662035752407e-10,3.748493234154666e-10,-3.816589065286459e-10
0.,0.,0.,0.,-5.363648172567237e-10,3.951116513473973e-10,-4.0241979581572205e-10
0.,0.,0.,0.,-5.680361176730408e-10,4.1644460008648125e-10,-4.242876294154231e-10
0.,0.,0.,0.,-6.015856630630535e-10,4.389028924459718e-10,-4.4731976019320657e-10
0.,0.,0.,0.,-6.371253211101787e-10,4.625439086442342e-10,-4.715763874012643e-10
0.,0.,0.,0.,-6.747736477436514e-10,4.874278047428364e-10,-4.971206886120228e-10
0.,0.,0.,0.,-7.146562872141607e-10,5.136176353492592e-10,-5.240189566944149e-10
0.,0.,0.,0.,-7.569063974438507e-10,5.411794810065737e-10,-5.523407427000644e-10
0.,0.,0.,0.,-8.016650998856999e-10,5.701825799360968e-10,-5.821590038536881e-10
0.,0.,0.,0.,-8.490819569358547e-10,6.006994644997896e-10,-6.135502579785553e-10
0.,0.,0.,0.,-8.993154776603564e-10,6.32806102728828e-10,-6.465947435599819e-10
0.,0.,0.,0.,-9.525336537030925e-10,6.665820444749492e-10,-6.813765861751879e-10
0.,0.,0.,0.,-1.0089145275923187e-9,7.021105720344756e-10,-7.179839708831319e-10
0.,0.,0.,0.,-1.0686467947833216e-9,7.394788565516583e-10,-7.565093215221404e-10
0.,0.,0.,0.,-1.13193044165309e-9,7.787781185474396e-10,-7.970494858978284e-10
0.,0.,0.,0.,-1.1989774217057759e-9,8.201037939979267e-10,-8.397059284443312e-10
0.,0.,0.,0.,-1.2700123722261511e-9,8.635557053787667e-10,-8.845849290295943e-10
0.,0.,0.,0.,-1.345273373554305e-9,9.092382367914667e-10,-9.317977893168914e-10
0.,0.,0.,0.,-1.4250127539664906e-9,9.57260515534668e-10,-9.814610452528458e-10
0.,0.,0.,0.,-1.5094979419670762e-9,1.0077365973699085e-9,-1.0336966877456425e-9
0.,0.,0.,0.,-1.5990123701498926e-9,1.0607856568085723e-9,-1.0886323899073333e-9
0.,0.,0.,0.,-1.693856432321159e-9,1.116532182402897e-9,-1.1464017414311914e-9
0.,0.,0.,0.,-1.7943484974966393e-9,1.1751061769693075e-9,-1.2071444901889878e-9
0.,0.,0.,0.,-1.900825985331156e-9,1.23664336054547e-9,-1.2710067922147865e-9
0.,0.,0.,0.,-2.0136465034415835e-9,1.301285379440758e-9,-1.3381414671232642e-9
0.,0.,0.,0.,-2.1331890544597776e-9,1.3691800183277095e-9,-1.4087082624658435e-9
0.,0.,0.,0.,-2.2598553133339106e-9,1.4404814159020284e-9,-1.4828741235746286e-9
0.,0.,0.,0.,-2.3940709808641564e-9,1.515350284120542e-9,-1.5608134726802975e-9
0.,0.,0.,0.,-2.5362872169356215e-9,1.593954130333747e-9,-1.642708492642295e-9
0.,0.,0.,0.,-2.6869821601915265e-9,1.6764674813441892e-9,-1.7287494186152864e-9
0.,0.,0.,0.,-2.846662534568693e-9,1.7630721104904576e-9,-1.8191348362648611e-9
0.,0.,0.,0.,-3.015865354744196e-9,1.8539572650549062e-9,-1.914071985479988e-9
0.,0.,0.,0.,-3.19515972787308e-9,1.9493198953833623e-9,-2.0137770711438188e-9
0.,0.,0.,0.,-3.385148765538195e-9,2.049364882119465e-9,-2.1184755776750046e-9
0.,0.,0.,0.,-3.586471605955279e-9,2.1543052660357055e-9,-2.2284025914632747e-9
0.,0.,0.,0.,-3.79980555461255e-9,2.2643624721089953e-9,-2.343803123636379e-9
0.,0.,0.,0.,-4.02586835371279e-9,2.3797665335090114e-9,-2.4649324405853843e-9
0.,0.,0.,0.,-4.265420581855933e-9,2.500756311356042e-9,-2.59205639540955e-9
0.,0.,0.,0.,-4.519268193916828e-9,2.6275797075633822e-9,-2.7254517634882677e-9
0.,0.,0.,0.,-4.7882652139877124e-9,2.7604938746360247e-9,-2.8654065774980462e-9
0.,0.,0.,0.,-5.073316579595737e-9,2.8997654130970393e-9,-3.0122204649472363e-9
0.,0.,0.,0.,-5.375381156865008e-9,3.0456705630034948e-9,-3.1662049831400826e-9
0.,0.,0.,0.,-5.695474928379797e-9,3.1984953820996224e-9,-3.327683954397557e-9
0.,0.,0.,0.,-6.034674368220229e-9,3.358535910091199e-9,-3.496993796524609e-9
0.,0.,0.,0.,-6.394120010746302e-9,3.5260983182730636e-9,-3.674483849644598e-9
0.,0.,0.,0.,-6.775020228420928e-9,3.701499040737028e-9,-3.860516695081082e-9
0.,0.,0.,0.,-7.178655228691055e-9,3.885064885306897e-9,-4.055468466671178e-9
0.,0.,0.,0.,-7.606381277466954e-9,4.077133119235866e-9,-4.2597291532137095e-9
0.,0.,0.,0.,-8.059635172069749e-9,4.278051529262852e-9,-4.473702885010957e-9
0.,0.,0.,0.,-8.53993896603361e-9,4.488178455042093e-9,-4.697808208752347e-9
0.,0.,0.,0.,-9.048904966706472e-9,4.707882781519938e-9,-4.932478342402468e-9
0.,0.,0.,0.,-9.588241022532235e-9,4.937543900458451e-9,-5.178161409353629e-9
0.,0.,0.,0.,-1.01597561069176e-8,5.177551627655649e-9,-5.435320649297319e-9
0.,0.,0.,0.,-1.0765366225450839e-8,5.428306073719594e-9,-5.704434603421045e-9
0.,0.,0.,0.,-1.1407100650688839e-8,5.690217463088309e-9,-5.985997260805657e-9
0.,0.,0.,0.,-1.2087108525471153e-8,5.963705898103889e-9,-6.280518181928217e-9
0.,0.,0.,0.,-1.280766582183909e-8,6.249201059227817e-9,-6.588522570547032e-9
0.,0.,0.,0.,-1.3571182705463498e-8,6.547141835353323e-9,-6.910551305958505e-9
0.,0.,0.,0.,-1.4380211312029726e-8,6.857975881644455e-9,-7.247160923100001e-9
0.,0.,0.,0.,-1.523745395074434e-8,7.182159093720014e-9,-7.598923543249416e-9
0.,0.,0.,0.,-1.6145771782092845e-8,7.52015498676161e-9,-7.966426732729818e-9
0.,0.,0.,0.,-1.710819396396874e-8,7.872433986171405e-9,-8.350273299249393e-9
0.,0.,0.,0.,-1.8127927311738057e-8,8.23947260321682e-9,-8.751081013668342e-9
0.,0.,0.,0.,-1.9208366503129117e-8,8.621752490003794e-9,-9.169482244344473e-9
0.,0.,0.,0.,-2.0353104823026873e-8,9.019759378863148e-9,-9.606123502367942e-9
0.,0.,0.,0.,-2.1565945522593545e-8,9.433981878741549e-9,-1.006166488518509e-8
0.,0.,0.,0.,-2.285091378672065e-8,9.8649101094216e-9,-1.0536779414984972e-8
0.,0.,0.,0.,-2.4212269354886283e-8,1.031303419672577e-8,-1.1032152247449917e-8
0.,0.,0.,0.,-2.5654519829189073e-8,1.0778842576793477e-8,-1.1548479761155197e-8
0.,0.,0.,0.,-2.7182434705668278e-8,1.1262820105644749e-8,-1.2086468495831922e-8
0.,0.,0.,0.,-2.8801060158393785e-8,1.1765445990293879e-8,-1.2646833937288965e-8
0.,0.,0.,0.,-3.051573460716852e-8,1.2287191461718133e-8,-1.3230299139645694e-8
0.,0.,0.,0.,-3.23321051258515e-8,1.2828517248668927e-8,-1.3837593163738904e-8
0.,0.,0.,0.,-3.425614472207375e-8,1.3389870761302907e-8,-1.446944930201082e-8
0.,0.,0.,0.,-3.6294170522224904e-8,1.3971683036719533e-8,-1.5126603122516255e-8
0.,0.,0.,0.,-3.845286290223324e-8,1.4574365342127545e-8,-1.5809790249601416e-8
0.,0.,0.,0.,-4.073928564689387e-8,1.519830551622481e-8,-1.6519743920198713e-8
0.,0.,0.,0.,-4.316090712022529e-8,1.584386392797532e-8,-1.725719225236468e-8
0.,0.,0.,0.,-4.572562255264025e-8,1.651136908793093e-8,-1.8022855253676854e-8
0.,0.,0.,0.,-4.8441777450591514e-8,1.7201112876933805e-8,-1.8817441472841946e-8
0.,0.,0.,0.,-5.1318192214862975e-8,1.7913345349724827e-8,-1.964164438551107e-8
0.,0.,0.,0.,-5.4364187997317655e-8,1.8648269097931325e-8,-2.0496138355199473e-8
0.,0.,0.,0.,-5.7589613841838326e-8,1.9406033138123465e-8,-2.1381574260224806e-8
0.,0.,0.,0.,-6.100487519685172e-8,2.0186726296006413e-8,-2.2298574690074715e-8
0.,0.,0.,0.,-6.462096383206953e-8,2.099037006110083e-8,-2.324772870976843e-8
0.,0.,0.,0.,-6.844948920865074e-8,2.1816910836918905e-8,-2.4229586151166555e-8
0.,0.,0.,0.,-7.25027113829784e-8,2.2666211640405464e-8,-2.5244651428507724e-8
0.,0.,0.,0.,-7.679357549098457e-8,2.3538043084669955e-8,-2.6293376781960773e-8
0.,0.,0.,0.,-8.133574788901095e-8,2.4432073739886062e-8,-2.737615499671204e-8
0.,0.,0.,0.,-8.614365397844797e-8,2.534785971543358e-8,-2.849331148784652e-8
0.,0.,0.,0.,-9.123251780428226e-8,2.6284833501824845e-8,-2.9645095775257872e-8
0.,0.,0.,0.,-9.661840351727863e-8,2.7242291986716165e-8,-3.0831672247219214e-8
0.,0.,0.,0.,-1.0231825865384621e-7,2.8219383615039427e-8,-3.205311023911857e-8
0.,0.,0.,0.,-1.0834995947521011e-7,2.9215094591176813e-8,-3.330937330335288e-8
0.,0.,0.,0.,-1.1473235820787083e-7,3.0228234231121807e-8,-3.460030772180413e-8
0.,0.,0.,0.,-1.214853324588473e-7,3.1257419139865466e-8,-3.592563010822981e-8
0.,0.,0.,0.,-1.2862983671133496e-7,3.230105647550916e-8,-3.7284914171918385e-8
0.,0.,0.,0.,-1.3618795606464878e-7,3.335732596797764e-8,-3.867757647543697e-8
0.,0.,0.,0.,-1.4418296215800932e-7,3.442416086042883e-8,-4.010286119082421e-8
0.,0.,0.,0.,-1.5263937150184253e-7,3.5499227501225985e-8,-4.1559823877441294e-8
0.,0.,0.,0.,-1.6158300608214483e-7,3.6579903732092707e-8,-4.304731399415784e-8
0.,0.,0.,0.,-1.7104105642772964e-7,3.766325585821863e-8,-4.456395643396666e-8
0.,0.,0.,0.,-1.8104214711483278e-7,3.874601420482114e-8,-4.610813166743148e-8
0.,0.,0.,0.,-1.916164047739228e-7,3.982454720364397e-8,-4.767795470286746e-8
0.,0.,0.,0.,-2.027955286036922e-7,4.089483388886574e-8,-4.927125267989155e-8
0.,0.,0.,0.,-2.1461286348829287e-7,4.195243484979938e-8,-5.088554104114938e-8
0.,0.,0.,0.,-2.271034756233108e-7,4.299246136192971e-8,-5.2517998297791506e-8
0.,0.,0.,0.,-2.403042307794068e-7,4.400954296518694e-8,-5.4165439187215675e-8
0.,0.,0.,0.,-2.542538751422222e-7,4.499779304161889e-8,-5.5824286329597536e-8
0.,0.,0.,0.,-2.68993118728884e-7,4.5950772673351726e-8,-5.749054016419971e-8
0.,0.,0.,0.,-2.845647213647194e-7,4.686145241121981e-8,-5.915974728699488e-8
0.,0.,0.,0.,-3.010135811604205e-7,4.7722172219917186e-8,-6.082696690982704e-8
0.,0.,0.,0.,-3.1838682554530764e-7,4.8524599220379365e-8,-6.24867355238517e-8
0.,0.,0.,0.,-3.3673390456134986e-7,4.925968337749744e-8,-6.413302983259909e-8
0.,0.,0.,0.,-3.5610668668029787e-7,4.991761107195914e-8,-6.57592274936509e-8
0.,0.,0.,0.,-3.765595566230873e-7,5.048775634598205e-8,-6.735806611067211e-8
0.,0.,0.,0.,-3.9814951545073613e-7,5.095863009730328e-8,-6.892160012048928e-8
0.,0.,0.,0.,-4.2093628250934195e-7,5.131782675572732e-8,-7.044115554194058e-8
0.,0.,0.,0.,-4.4498239916669696e-7,5.155196881207322e-8,-7.19072828075873e-8
0.,0.,0.,0.,-4.703533340406625e-7,5.164664899343081e-8,-7.330970723477742e-8
0.,0.,0.,0.,-4.971175896318912e-7,5.158637001807787e-8,-7.463727755214788e-8
0.,0.,0.,0.,-5.253468099807068e-7,5.135448212191263e-8,-7.58779121409812e-8
0.,0.,0.,0.,-5.551158889792482e-7,5.093311814653732e-8,-7.701854313739215e-8
0.,0.,0.,0.,-5.865030792182265e-7,5.030312646758843e-8,-7.804505842574986e-8
0.,0.,0.,0.,-6.195901005134549e-7,4.944400145744641e-8,-7.894224132826089e-8
0.,0.,0.,0.,-6.544622485094696e-7,4.8333812065455365e-8,-7.969370851311027e-8
0.,0.,0.,0.,-6.912085016163345e-7,4.694912790967665e-8,-8.028184539558758e-8
0.,0.,0.,0.,-7.2992162714385e-7,4.526494361044397e-8,-8.068773994028136e-8
0.,0.,0.,0.,-7.706982848332565e-7,4.3254601115421356e-8,-8.089111441258073e-8
0.,0.,0.,0.,-8.136391278396817e-7,4.088971038904269e-8,-8.087025514377725e-8
0.,0.,0.,0.,-8.588489001794809e-7,3.814006834073041e-8,-8.060194094890194e-8
0.,0.,0.,0.,-9.064365298168673e-7,3.4973576479188233e-8,-8.006136980051647e-8
0.,0.,0.,0.,-9.565152164777467e-7,3.135615741520326e-8,-7.922208420715903e-8
0.,0.,0.,0.,-1.0092025134948512e-6,2.725167066346634e-8,-7.805589548927749e-8
0.,0.,0.,0.,-1.0646204022811663e-6,2.262182751605201e-8,-7.653280702502106e-8
0.,0.,0.,0.,-1.1228953584398898e-6,1.7426106187762426e-8,-7.462093705082732e-8
0.,0.,0.,0.,-1.184158408325557e-6,1.1621666586203499e-8,-7.228644124411111e-8
0.,0.,0.,0.,-1.2485451747732131e-6,5.163266520015311e-9,-6.949343479735658e-8
0.,0.,0.,0.,-1.3161959101875538e-6,-1.996821940881121e-9,-6.620391571323839e-8
0.,0.,0.,0.,-1.3872555161046046e-6,-9.90889334950913e-9,-6.237768843033776e-8
0.,0.,0.,0.,-1.4618735467984343e-6,-1.862588852873417e-8,-5.7972288939449725e-8
0.,0.,0.,0.,-1.5402041958805405e-6,-2.8203470124254005e-8,-5.2942912056437115e-8
0.,0.,0.,0.,-1.6224062631280454e-6,-3.8700095636486665e-8,-4.724234088119393e-8
0.,0.,0.,0.,-1.7086431007366606e-6,-5.017708480026672e-8,-4.082087972132675e-8
0.,0.,0.,0.,-1.7990825352369536e-6,-6.269868237117022e-8,-3.3626290772188295e-8
0.,0.,0.,0.,-1.8938967644785983e-6,-7.633211414166299e-8,-2.5603735695049535e-8
0.,0.,0.,0.,-1.993262225839568e-6,-9.11476355920359e-8,-1.6695722223978375e-8
0.,0.,0.,0.,-2.0973594335484476e-6,-1.0721857222902947e-7,-6.842058304317383e-9
0.,0.,0.,0.,-2.206372783046939e-6,-1.246213497375936e-7,4.020187445654407e-9
0.,0.,0.,0.,-2.3204903184845383e-6,-1.4343551356600483e-7,1.595671589377693e-8
0.,0.,0.,0.,-2.4399034607013636e-6,-1.6374373572707596e-7,2.9036017973386905e-8
0.,0.,0.,0.,-2.5648066930221635e-6,-1.8563180764744313e-7,4.3329384285122494e-8
0.,0.,0.,0.,-2.695397200956868e-6,-2.091886178591901e-7,5.891090226818514e-8
0.,0.,0.,0.,-2.831874462215907e-6,-2.3450611189076124e-7,7.585743973700738e-8
0.,0.,0.,0.,-2.974439784633257e-6,-2.616792330895174e-7,9.424861272920167e-8
0.,0.,0.,0.,-3.1232957866001207e-6,-2.9080584333542426e-7,1.141667366619103e-7
0.,0.,0.,0.,-3.278645817727346e-6,-3.219866197176682e-7,1.3569675891051955e-7
0.,0.,0.,0.,-3.440693314714607e-6,-3.5532492691328713e-7,1.5892617080418172e-7
0.,0.,0.,0.,-3.6096410889207914e-6,-3.9092666154362366e-7,1.8394489700491953e-7
0.,0.,0.,0.,-3.785690542103453e-6,-4.2890006796660066e-7,2.1084516109955086e-7
0.,0.,0.,0.,-3.969040804685857e-6,-4.693555205594477e-7,2.397213247500056e-7
0.,0.,0.,0.,-4.159887793386488e-6,-5.124052733725487e-7,2.706696975646604e-7
0.,0.,0.,0.,-4.358423184786713e-6,-5.581631711037294e-7,3.0378831720478454e-7
0.,0.,0.,0.,-4.564833298516312e-6,-6.067443213595984e-7,3.391766958357497e-7
0.,0.,0.,0.,-4.779297888438151e-6,-6.582647242449864e-7,3.769355318949518e-7
0.,0.,0.,0.,-5.00198883521089e-6,-7.128408563341659e-7,4.1716638299702917e-7
0.,0.,0.,0.,-5.2330687394361645e-6,-7.705892078362795e-7,4.5997129977003263e-7
0.,0.,0.,0.,-5.472689408771304e-6,-8.316257683742623e-7,5.054524163468628e-7
0.,0.,0.,0.,-5.720990236668947e-6,-8.960654590645535e-7,5.537114964312577e-7
0.,0.,0.,0.,-5.978096471736595e-6,-9.640215093462361e-7,6.048494308133431e-7
0.,0.,0.,0.,-6.244117370424469e-6,-1.0356047741592829e-6,6.589656864812463e-7
0.,0.,0.,0.,-6.51914423561862e-6,-1.110922989969105e-6,7.161577020359891e-7
0.,0.,0.,0.,-6.803248335176e-6,-1.1900799671722716e-6,7.765202297300003e-7
0.,0.,0.,0.,-7.0964787030354704e-6,-1.273174716423595e-6,8.401446204559734e-7
0.,0.,0.,0.,-7.3988598192346294e-6,-1.3603005057135257e-6,9.071180507231288e-7
0.,0.,0.,0.,-7.710389171402741e-6,-1.4515438495307732e-6,9.775226889123768e-7
0.,0.,0.,0.,-8.031034697458499e-6,-1.5469834242070659e-6,1.0514347997153703e-6
0.,0.,0.,0.,-8.360732113846482e-6,-1.6466889123813578e-6,1.1289237865994221e-6
0.,0.,0.,0.,-8.699382130476063e-6,-1.7507197736928618e-6,1.2100511702456092e-6
0.,0.,0.,0.,-9.046847559018762e-6,-1.8591239413915156e-6,1.294869501643265e-6
0.,0.,0.,0.,-9.402950319910097e-6,-1.9719364465766007e-6,1.3834212135371099e-6
0.,0.,0.,0.,-9.767468357731658e-6,-2.0891779700118104e-6,1.4757374059798024e-6
0.,0.,0.,0.,-0.000010140132470783056,-2.2108533247963066e-6,1.5718365701078072e-6
0.,0.,0.,0.,-0.000010520623071440082,-2.3369498684716636e-6,1.6717232538779124e-6
0.,0.,0.,0.,-0.000010908566887921385,-2.46743585466594e-6,1.7753866658793085e-6
0.,0.,0.,0.,-0.000011303533623406598,-2.6022587224660134e-6,1.882799227820197e-6
0.,0.,0.,0.,-0.0000117050325943248,-2.7413433334289124e-6,1.9939150758396488e-6
0.,0.,0.,0.,-0.00001211250936468734,-2.8845901602793042e-6,2.1086685176631724e-6
0.,0.,0.,0.,-0.00001252534240318451,-3.0318734370618544e-6,2.226972452506094e-6
0.,0.,0.,0.,-0.000012942839791273869,-3.1830392826490473e-6,2.3487167592944545e-6
0.,0.,0.,0.,-0.000013364236010277683,-3.3379038022497755e-6,2.4737666644082183e-6
0.,0.,0.,0.,-0.000013788688842268595,-3.4962511881194577e-6,2.6019611011808615e-6
0.,0.,0.,0.,-0.000014215276422910271,-3.6578318273888846e-6,2.733111067448115e-6
0.,0.,0.,0.,-0.000014642994488681328,-3.822360439295058e-6,2.866998001673819e-6
0.,0.,0.,0.,-0.00001507075386114678,-3.989514256606894e-6,3.0033721884488553e-6
0.,0.,0.,0.,-0.000015497378218816655,-4.15893127396041e-6,3.1419512135681314e-6
0.,0.,0.,0.,-0.000015921602212623107,-4.33020858722096e-6,3.2824184852004776e-6
0.,0.,0.,0.,-0.000016342069980945416,-4.502900846376617e-6,3.4244218458485353e-6
0.,0.,0.,0.,-0.00001675733412501377,-4.6765188553890045e-6,3.5675722962599525e-6
0.,0.,0.,0.,-0.000017165855217480325,-4.850528344749266e-6,3.7114428560823568e-6
0.,0.,0.,0.,-0.000017566001907920274,-5.024348951599296e-6,3.85556759392113e-6
0.,0.,0.,0.,-0.000017956051707570455,-5.197353445919264e-6,3.999440849849546e-6
0.,0.,0.,0.,-0.000018334192530078205,-5.368867235922694e-6,4.142516688987533e-6
0.,0.,0.,0.,-0.0000186985250728738,-5.538168199782574e-6,4.284208617961956e-6
0.,0.,0.,0.,-0.000019047066127565293,-5.704486884508589e-6,4.4238896017388685e-6
0.,0.,0.,0.,-0.000019377752909751215,-5.867007117071092e-6,4.560892419710817e-6
0.,0.,0.,0.,-0.000019688448502784772,-6.024867078957707e-6,4.69451040300881e-6
0.,0.,0.,0.,-0.000019976948517121952,-6.177160895265707e-6,4.823998595665447e-6
0.,0.,0.,0.,-0.000020240989050646392,-6.322940785769886e-6,4.948575385451366e-6
0.,0.,0.,0.,-0.00002047825607124987,-6.46121984334153e-6,5.0674246482650565e-6
0.,0.,0.,0.,-0.000020686396297699563,-6.590975480537639e-6,5.1796984585510126e-6
0.,0.,0.,0.,-0.000020863029698383814,-6.711153615607683e-6,5.284520409523267e-6
0.,0.,0.,0.,-0.00002100576369061669,-6.820673646588594e-6,5.3809895938619234e-6
0.,0.,0.,0.,-0.000021112209144441122,-6.918434270197984e-6,5.468185296294235e-6
0.,0.,0.,0.,-0.000021179998274000588,-7.003320206499731e-6,5.545172444164025e-6
0.,0.,0.,0.,-0.000021206804499396063,-7.074209879332385e-6,5.611007860545065e-6
0.,0.,0.,0.,-0.000021190364356049315,-7.129984106346177e-6,5.664747373766728e-6
0.,0.,0.,0.,-0.000021128501513396446,-7.169535845024661e-6,5.7054538146563635e-6
0.,0.,0.,0.,-0.000021019152950142406,-7.191781041754067e-6,5.732205950736296e-6
0.,0.,0.,0.,-0.000020860397330668394,-7.195670617176352e-6,5.744108385380382e-6
0.,0.,0.,0.,-0.000020650485589621322,-7.180203626230799e-6,5.740302449992893e-6
0.,0.,0.,0.,-0.000020387873728688344,-7.1444416062824526e-6,5.719978116253815e-6
0.,0.,0.,0.,-0.000020071257799886898,-7.087524132240215e-6,5.682386936196938e-6
0.,0.,0.,0.,-0.00001969961101760012,-7.008685578877675e-6,5.626856015800786e-6
0.,0.,0.,0.,-0.000019272222920261773,-6.9072730755255295e-6,5.552803016670191e-6
0.,0.,0.,0.,-0.000018788740462673514,-6.7827656284782135e-6,5.459752160291096e-6
0.,0.,0.,0.,-0.000018249210891259392,-6.634794365606957e-6,5.347351209739204e-6
0.,0.,0.,0.,-0.000017654126202356515,-6.463163838896317e-6,5.215389367888187e-6
0.,0.,0.,0.,-0.000017004468949423234,-6.267874303318798e-6,5.063816034560683e-6
0.,0.,0.,0.,-0.000016301759115603475,-6.049144862506152e-6,4.892760329902124e-6
0.,0.,0.,0.,-0.000015548101715418058,-5.807437350107087e-6,4.702551277062936e-6
0.,0.,0.,0.,-0.000014746234735679664,-5.543480788915142e-6,4.4937385151530605e-6
0.,0.,0.,0.,-0.00001389957697135802,-5.25829623797707e-6,4.267113386560054e-6
0.,0.,0.,0.,-0.000013012275249282913,-4.953221812234188e-6,4.023730219471109e-6
0.,0.,0.,0.,-0.000012089250473755659,-4.629937622323679e-6,3.7649275940206956e-6
0.,0.,0.,0.,-0.000011136241863572569,-4.2904903510199155e-6,3.492349360174865e-6
0.,0.,0.,0.,-0.000010159848683476162,-3.937317151079916e-6,3.2079651386707235e-6
0.,0.,0.,0.,-9.167568714174216e-6,-3.5732685055119354e-6,2.9140900102529695e-6
0.,0.,0.,0.,-8.167832634221094e-6,-3.2016296659229812e-6,2.6134030650564978e-6
0.,0.,0.,0.,-7.170033430495181e-6,-2.8261402418003607e-6,2.308964457905039e-6
0.,0.,0.,0.,-6.1845498908489356e-6,-2.451011480698278e-6,2.0042305792421624e-6
0.,0.,0.,0.,-5.222763180253076e-6,-2.080940747664225e-6,1.7030669283606992e-6
0.,0.,0.,0.,-4.29706545097328e-6,-1.7211226778296924e-6,1.4097582445008885e-6
0.,0.,0.,0.,-3.420859395002302e-6,-1.3772564499266964e-6,1.1290154278126985e-6
0.,0.,0.,0.,-2.60854761674082e-6,-1.0555486025729774e-6,8.65978760168679e-7
0.,0.,0.,0.,-1.875510678768241e-6,-7.627107947430552e-7,6.262169189607553e-7
0.,0.,0.,0.,-1.23807266841664e-6,-5.059518993083906e-7,4.157212617807802e-7
0.,0.,0.,0.,-7.134531379867416e-7,-2.929638095273382e-7,2.4089485510602133e-7
0.,0.,0.,0.,-3.1970429642953957e-7,-1.319003405333985e-7,1.085357179385304e-7
0.,0.,0.,0.,-7.563237524715195e-8,-3.1348617503617526e-8,2.581376009275045e-8
0.,0.,0.,0.,-7.021578703596977e-10,-2.923638637909608e-10,2.40910532340814e-10
